AddLimit,2844,0,0
AddLimit,357,0,0
AddLimit,496,0,0
AddLimit,322,0,0
AddLimit,196,0,0
AddLimit,242,0,0
AddLimit,240,0,0
AddLimit,215,0,0
AddLimit,219,0,0
AddLimit,253,0,0
AddLimit,240,0,0
AddLimit,214,0,0
AddLimit,245,0,0
AddLimit,219,0,0
AddLimit,219,0,0
AddLimit,225,0,0
AddLimit,230,0,0
AddLimit,235,0,0
AddLimit,208,0,0
AddLimit,230,0,0
AddLimit,217,0,0
AddLimit,220,0,0
AddLimit,223,0,0
AddLimit,227,0,0
AddLimit,213,0,0
AddLimit,235,0,0
AddLimit,236,0,0
AddLimit,222,0,0
AddLimit,202,0,0
AddLimit,206,0,0
AddLimit,212,0,0
AddLimit,227,0,0
AddLimit,204,0,0
AddLimit,210,0,0
AddLimit,213,0,0
AddLimit,206,0,0
AddLimit,203,0,0
AddLimit,225,0,0
AddLimit,208,0,0
AddLimit,211,0,0
AddLimit,212,0,0
AddLimit,214,0,0
AddLimit,208,0,0
AddLimit,217,0,0
AddLimit,223,0,0
AddLimit,215,0,0
AddLimit,204,0,0
AddLimit,222,0,0
AddLimit,237,0,0
AddLimit,201,0,0
AddLimit,223,0,0
AddLimit,220,0,0
AddLimit,214,0,0
AddLimit,208,0,0
AddLimit,204,0,0
AddLimit,219,0,0
AddLimit,258,0,0
AddLimit,6997,0,0
AddLimit,297,0,0
AddLimit,260,0,0
AddLimit,217,0,0
AddLimit,228,0,0
AddLimit,229,0,0
AddLimit,234,0,0
AddLimit,213,0,0
AddLimit,217,0,0
AddLimit,206,0,0
AddLimit,244,0,0
AddLimit,212,0,0
AddLimit,215,0,0
AddLimit,247,0,0
AddLimit,293,0,0
AddLimit,312,0,0
AddLimit,289,0,0
AddLimit,373,0,0
AddLimit,337,0,0
AddLimit,227,0,0
AddLimit,239,0,0
AddLimit,281,0,0
AddLimit,220,0,0
AddLimit,202,0,0
AddLimit,212,0,0
AddLimit,214,0,0
AddLimit,237,0,0
AddLimit,215,0,0
AddLimit,211,0,0
AddLimit,219,0,0
AddLimit,210,0,0
AddLimit,209,0,0
AddLimit,233,0,0
AddLimit,229,0,0
AddLimit,217,0,0
AddLimit,205,0,0
AddLimit,220,0,0
AddLimit,222,0,0
AddLimit,212,0,0
AddLimit,220,0,0
AddLimit,203,0,0
AddLimit,222,0,0
AddLimit,242,0,0
AddLimit,235,0,0
AddLimit,260,0,0
AddLimit,245,0,0
AddLimit,206,0,0
AddLimit,203,0,0
AddLimit,226,0,0
AddLimit,219,0,0
AddLimit,205,0,0
AddLimit,210,0,0
AddLimit,205,0,0
AddLimit,207,0,0
AddLimit,211,0,0
AddLimit,207,0,0
AddLimit,224,0,0
AddLimit,209,0,0
AddLimit,210,0,0
AddLimit,213,0,0
AddLimit,216,0,0
AddLimit,232,0,0
AddLimit,223,0,0
AddLimit,210,0,0
AddLimit,213,0,0
AddLimit,204,0,0
AddLimit,206,0,0
AddLimit,226,0,0
AddLimit,235,0,0
AddLimit,229,0,0
AddLimit,208,0,0
AddLimit,225,0,0
AddLimit,227,0,0
AddLimit,217,0,0
AddLimit,207,0,0
AddLimit,203,0,0
AddLimit,203,0,0
AddLimit,219,0,0
AddLimit,219,0,0
AddLimit,354,0,0
AddLimit,208,0,0
AddLimit,204,0,0
AddLimit,206,0,0
AddLimit,209,0,0
AddLimit,210,0,0
AddLimit,205,0,0
AddLimit,225,0,0
AddLimit,205,0,0
AddLimit,226,0,0
AddLimit,199,0,0
AddLimit,201,0,0
AddLimit,197,0,0
AddLimit,215,0,0
AddLimit,210,0,0
AddLimit,207,0,0
AddLimit,221,0,0
AddLimit,207,0,0
AddLimit,205,0,0
AddLimit,202,0,0
AddLimit,214,0,0
AddLimit,226,0,0
AddLimit,205,0,0
AddLimit,201,0,0
AddLimit,214,0,0
AddLimit,214,0,0
AddLimit,226,0,0
AddLimit,203,0,0
AddLimit,220,0,0
AddLimit,208,0,0
AddLimit,211,0,0
AddLimit,211,0,0
AddLimit,215,0,0
AddLimit,208,0,0
AddLimit,208,0,0
AddLimit,240,0,0
AddLimit,226,0,0
AddLimit,206,0,0
AddLimit,198,0,0
AddLimit,225,0,0
AddLimit,218,0,0
AddLimit,210,0,0
AddLimit,193,0,0
AddLimit,223,0,0
AddLimit,198,0,0
AddLimit,223,0,0
AddLimit,202,0,0
AddLimit,198,0,0
AddLimit,224,0,0
AddLimit,248,0,0
AddLimit,222,0,0
AddLimit,203,0,0
AddLimit,211,0,0
AddLimit,205,0,0
AddLimit,202,0,0
AddLimit,209,0,0
AddLimit,206,0,0
AddLimit,218,0,0
AddLimit,218,0,0
AddLimit,210,0,0
AddLimit,207,0,0
AddLimit,223,0,0
AddLimit,224,0,0
AddLimit,210,0,0
AddLimit,207,0,0
AddLimit,215,0,0
AddLimit,210,0,0
AddLimit,199,0,0
AddLimit,217,0,0
AddLimit,206,0,0
AddLimit,218,0,0
AddLimit,206,0,0
AddLimit,197,0,0
AddLimit,218,0,0
AddLimit,215,0,0
AddLimit,195,0,0
AddLimit,201,0,0
AddLimit,222,0,0
AddLimit,202,0,0
AddLimit,247,0,0
AddLimit,230,0,0
AddLimit,211,0,0
AddLimit,220,0,0
AddLimit,218,0,0
AddLimit,223,0,0
AddLimit,208,0,0
AddLimit,209,0,0
AddLimit,241,0,0
AddLimit,209,0,0
AddLimit,211,0,0
AddLimit,212,0,0
AddLimit,210,0,0
AddLimit,227,0,0
AddLimit,213,0,0
AddLimit,215,0,0
AddLimit,228,0,0
AddLimit,206,0,0
AddLimit,230,0,0
AddLimit,219,0,0
AddLimit,195,0,0
AddLimit,220,0,0
AddLimit,225,0,0
AddLimit,220,0,0
AddLimit,200,0,0
AddLimit,231,0,0
AddLimit,216,0,0
AddLimit,232,0,0
AddLimit,224,0,0
AddLimit,223,0,0
AddLimit,239,0,0
AddLimit,215,0,0
AddLimit,207,0,0
AddLimit,222,0,0
AddLimit,199,0,0
AddLimit,221,0,0
AddLimit,215,0,0
AddLimit,245,0,0
AddLimit,220,0,0
AddLimit,205,0,0
AddLimit,210,0,0
AddLimit,216,0,0
AddLimit,214,0,0
AddLimit,229,0,0
AddLimit,248,0,0
AddLimit,216,0,0
AddLimit,219,0,0
AddLimit,204,0,0
AddLimit,224,0,0
AddLimit,210,0,0
AddLimit,226,0,0
AddLimit,209,0,0
AddLimit,210,0,0
AddLimit,208,0,0
AddLimit,209,0,0
AddLimit,231,0,0
AddLimit,220,0,0
AddLimit,225,0,0
AddLimit,205,0,0
AddLimit,204,0,0
AddLimit,221,0,0
AddLimit,224,0,0
AddLimit,221,0,0
AddLimit,196,0,0
AddLimit,216,0,0
AddLimit,200,0,0
AddLimit,221,0,0
AddLimit,222,0,0
AddLimit,199,0,0
AddLimit,223,0,0
AddLimit,206,0,0
AddLimit,202,0,0
AddLimit,231,0,0
AddLimit,224,0,0
AddLimit,223,0,0
AddLimit,201,0,0
AddLimit,280,0,0
AddLimit,205,0,0
AddLimit,219,0,0
AddLimit,208,0,0
AddLimit,208,0,0
AddLimit,210,0,0
AddLimit,205,0,0
AddLimit,219,0,0
AddLimit,207,0,0
AddLimit,218,0,0
AddLimit,333,0,0
AddLimit,204,0,0
AddLimit,209,0,0
AddLimit,209,0,0
AddLimit,230,0,0
AddLimit,211,0,0
AddLimit,202,0,0
AddLimit,206,0,0
AddLimit,205,0,0
AddLimit,213,0,0
AddLimit,206,0,0
AddLimit,275,0,0
AddLimit,209,0,0
AddLimit,209,0,0
AddLimit,210,0,0
AddLimit,212,0,0
AddLimit,219,0,0
AddLimit,224,0,0
AddLimit,214,0,0
AddLimit,211,0,0
AddLimit,203,0,0
AddLimit,195,0,0
AddLimit,235,0,0
AddLimit,198,0,0
AddLimit,231,0,0
AddLimit,219,0,0
AddLimit,197,0,0
AddLimit,221,0,0
AddLimit,209,0,0
AddLimit,257,0,0
AddLimit,224,0,0
AddLimit,205,0,0
AddLimit,217,0,0
AddLimit,200,0,0
AddLimit,203,0,0
AddLimit,199,0,0
AddLimit,233,0,0
AddLimit,202,0,0
AddLimit,203,0,0
AddLimit,222,0,0
AddLimit,227,0,0
AddLimit,200,0,0
AddLimit,199,0,0
AddLimit,205,0,0
AddLimit,219,0,0
AddLimit,221,0,0
AddLimit,219,0,0
AddLimit,201,0,0
AddLimit,202,0,0
AddLimit,246,0,0
AddLimit,196,0,0
AddLimit,214,0,0
AddLimit,197,0,0
AddLimit,233,0,0
AddLimit,207,0,0
AddLimit,214,0,0
AddLimit,226,0,0
AddLimit,204,0,0
AddLimit,1539,0,0
AddLimit,254,0,0
AddLimit,206,0,0
AddLimit,226,0,0
AddLimit,211,0,0
AddLimit,245,0,0
AddLimit,229,0,0
AddLimit,232,0,0
AddLimit,247,0,0
AddLimit,229,0,0
AddLimit,228,0,0
AddLimit,213,0,0
AddLimit,211,0,0
AddLimit,210,0,0
AddLimit,214,0,0
AddLimit,212,0,0
AddLimit,211,0,0
AddLimit,208,0,0
AddLimit,213,0,0
AddLimit,212,0,0
AddLimit,222,0,0
AddLimit,310,0,0
AddLimit,357,0,0
AddLimit,264,0,0
AddLimit,229,0,0
AddLimit,220,0,0
AddLimit,222,0,0
AddLimit,202,0,0
AddLimit,223,0,0
AddLimit,210,0,0
AddLimit,235,0,0
AddLimit,225,0,0
AddLimit,203,0,0
AddLimit,224,0,0
AddLimit,213,0,0
AddLimit,201,0,0
AddLimit,199,0,0
AddLimit,222,0,0
AddLimit,216,0,0
AddLimit,222,0,0
AddLimit,205,0,0
AddLimit,228,0,0
AddLimit,230,0,0
AddLimit,218,0,0
AddLimit,208,0,0
AddLimit,205,0,0
AddLimit,204,0,0
AddLimit,201,0,0
AddLimit,227,0,0
AddLimit,222,0,0
AddLimit,200,0,0
AddLimit,214,0,0
AddLimit,208,0,0
AddLimit,246,0,0
AddLimit,224,0,0
AddLimit,206,0,0
AddLimit,220,0,0
AddLimit,254,0,0
AddLimit,225,0,0
AddLimit,212,0,0
AddLimit,3005,0,0
AddLimit,240,0,0
AddLimit,244,0,0
AddLimit,261,0,0
AddLimit,243,0,0
AddLimit,213,0,0
AddLimit,241,0,0
AddLimit,213,0,0
AddLimit,223,0,0
AddLimit,221,0,0
AddLimit,211,0,0
AddLimit,228,0,0
AddLimit,219,0,0
AddLimit,215,0,0
AddLimit,233,0,0
AddLimit,215,0,0
AddLimit,217,0,0
AddLimit,225,0,0
AddLimit,242,0,0
AddLimit,232,0,0
AddLimit,214,0,0
AddLimit,215,0,0
AddLimit,214,0,0
AddLimit,217,0,0
AddLimit,214,0,0
AddLimit,214,0,0
AddLimit,206,0,0
AddLimit,211,0,0
AddLimit,207,0,0
AddLimit,213,0,0
AddLimit,218,0,0
AddLimit,209,0,0
AddLimit,209,0,0
AddLimit,231,0,0
AddLimit,217,0,0
AddLimit,215,0,0
AddLimit,225,0,0
AddLimit,205,0,0
AddLimit,214,0,0
AddLimit,232,0,0
AddLimit,226,0,0
AddLimit,206,0,0
AddLimit,215,0,0
AddLimit,204,0,0
AddLimit,232,0,0
AddLimit,226,0,0
AddLimit,215,0,0
AddLimit,218,0,0
AddLimit,210,0,0
AddLimit,210,0,0
AddLimit,216,0,0
AddLimit,211,0,0
AddLimit,212,0,0
AddLimit,226,0,0
AddLimit,215,0,0
AddLimit,228,0,0
AddLimit,225,0,0
AddLimit,223,0,0
AddLimit,223,0,0
AddLimit,213,0,0
AddLimit,200,0,0
AddLimit,204,0,0
AddLimit,222,0,0
AddLimit,237,0,0
AddLimit,218,0,0
AddLimit,219,0,0
AddLimit,235,0,0
AddLimit,217,0,0
AddLimit,209,0,0
AddLimit,218,0,0
AddLimit,223,0,0
AddLimit,214,0,0
AddLimit,211,0,0
AddLimit,212,0,0
AddLimit,221,0,0
AddLimit,215,0,0
AddLimit,214,0,0
AddLimit,212,0,0
AddLimit,228,0,0
AddLimit,201,0,0
AddLimit,223,0,0
AddLimit,240,0,0
AddLimit,208,0,0
AddLimit,213,0,0
AddLimit,1362,0,0
AddLimit,213,0,0
AddLimit,219,0,0
AddLimit,217,0,0
AddLimit,216,0,0
AddLimit,221,0,0
AddLimit,233,0,0
AddLimit,213,0,0
AddLimit,220,0,0
AddLimit,215,0,0
AddLimit,224,0,0
AddLimit,209,0,0
AddLimit,217,0,0
AddLimit,218,0,0
AddLimit,207,0,0
AddLimit,205,0,0
AddLimit,215,0,0
AddLimit,231,0,0
AddLimit,203,0,0
AddLimit,208,0,0
AddLimit,203,0,0
AddLimit,214,0,0
AddLimit,205,0,0
AddLimit,227,0,0
AddLimit,206,0,0
AddLimit,201,0,0
AddLimit,204,0,0
AddLimit,229,0,0
AddLimit,203,0,0
AddLimit,209,0,0
AddLimit,205,0,0
AddLimit,206,0,0
AddLimit,203,0,0
AddLimit,225,0,0
AddLimit,206,0,0
AddLimit,231,0,0
AddLimit,210,0,0
AddLimit,223,0,0
AddLimit,205,0,0
AddLimit,244,0,0
AddLimit,225,0,0
AddLimit,201,0,0
AddLimit,207,0,0
AddLimit,203,0,0
AddLimit,211,0,0
AddLimit,207,0,0
AddLimit,200,0,0
AddLimit,208,0,0
AddLimit,208,0,0
AddLimit,207,0,0
AddLimit,227,0,0
AddLimit,226,0,0
AddLimit,206,0,0
AddLimit,229,0,0
AddLimit,209,0,0
AddLimit,257,0,0
AddLimit,209,0,0
AddLimit,221,0,0
AddLimit,205,0,0
AddLimit,209,0,0
AddLimit,227,0,0
AddLimit,229,0,0
AddLimit,232,0,0
AddLimit,230,0,0
AddLimit,220,0,0
AddLimit,233,0,0
AddLimit,238,0,0
AddLimit,214,0,0
AddLimit,206,0,0
AddLimit,209,0,0
AddLimit,206,0,0
AddLimit,227,0,0
AddLimit,207,0,0
AddLimit,208,0,0
AddLimit,232,0,0
AddLimit,216,0,0
AddLimit,202,0,0
AddLimit,213,0,0
AddLimit,205,0,0
AddLimit,204,0,0
AddLimit,196,0,0
AddLimit,201,0,0
AddLimit,224,0,0
AddLimit,222,0,0
AddLimit,228,0,0
AddLimit,1202,0,0
AddLimit,218,0,0
AddLimit,209,0,0
AddLimit,209,0,0
AddLimit,216,0,0
AddLimit,207,0,0
AddLimit,208,0,0
AddLimit,213,0,0
AddLimit,224,0,0
AddLimit,226,0,0
AddLimit,211,0,0
AddLimit,216,0,0
AddLimit,208,0,0
AddLimit,212,0,0
AddLimit,215,0,0
AddLimit,197,0,0
AddLimit,226,0,0
AddLimit,213,0,0
AddLimit,204,0,0
AddLimit,228,0,0
AddLimit,229,0,0
AddLimit,210,0,0
AddLimit,220,0,0
AddLimit,217,0,0
AddLimit,208,0,0
AddLimit,226,0,0
AddLimit,202,0,0
AddLimit,220,0,0
AddLimit,226,0,0
AddLimit,230,0,0
AddLimit,202,0,0
AddLimit,202,0,0
AddLimit,219,0,0
AddLimit,225,0,0
AddLimit,210,0,0
AddLimit,227,0,0
AddLimit,224,0,0
AddLimit,214,0,0
AddLimit,211,0,0
AddLimit,214,0,0
AddLimit,217,0,0
AddLimit,204,0,0
AddLimit,197,0,0
AddLimit,228,0,0
AddLimit,225,0,0
AddLimit,223,0,0
AddLimit,211,0,0
AddLimit,215,0,0
AddLimit,210,0,0
AddLimit,235,0,0
AddLimit,214,0,0
AddLimit,214,0,0
AddLimit,246,0,0
AddLimit,206,0,0
AddLimit,227,0,0
AddLimit,207,0,0
AddLimit,227,0,0
AddLimit,248,0,0
AddLimit,220,0,0
AddLimit,212,0,0
AddLimit,210,0,0
AddLimit,203,0,0
AddLimit,202,0,0
AddLimit,226,0,0
AddLimit,200,0,0
AddLimit,222,0,0
AddLimit,225,0,0
AddLimit,215,0,0
AddLimit,223,0,0
AddLimit,211,0,0
AddLimit,212,0,0
AddLimit,214,0,0
AddLimit,230,0,0
AddLimit,215,0,0
AddLimit,203,0,0
AddLimit,200,0,0
AddLimit,206,0,0
AddLimit,202,0,0
AddLimit,228,0,0
AddLimit,206,0,0
AddLimit,213,0,0
AddLimit,202,0,0
AddLimit,235,0,0
AddLimit,228,0,0
AddLimit,201,0,0
AddLimit,1113,0,0
AddLimit,221,0,0
AddLimit,233,0,0
AddLimit,213,0,0
AddLimit,232,0,0
AddLimit,213,0,0
AddLimit,220,0,0
AddLimit,207,0,0
AddLimit,202,0,0
AddLimit,205,0,0
AddLimit,224,0,0
AddLimit,213,0,0
AddLimit,204,0,0
AddLimit,224,0,0
AddLimit,223,0,0
AddLimit,206,0,0
AddLimit,215,0,0
AddLimit,222,0,0
AddLimit,214,0,0
AddLimit,214,0,0
AddLimit,208,0,0
AddLimit,214,0,0
AddLimit,231,0,0
AddLimit,192,0,0
AddLimit,201,0,0
AddLimit,226,0,0
AddLimit,214,0,0
AddLimit,218,0,0
AddLimit,221,0,0
AddLimit,207,0,0
AddLimit,213,0,0
AddLimit,224,0,0
AddLimit,201,0,0
AddLimit,204,0,0
AddLimit,202,0,0
AddLimit,205,0,0
AddLimit,207,0,0
AddLimit,210,0,0
AddLimit,211,0,0
AddLimit,215,0,0
AddLimit,212,0,0
AddLimit,213,0,0
AddLimit,225,0,0
AddLimit,229,0,0
AddLimit,219,0,0
AddLimit,216,0,0
AddLimit,228,0,0
AddLimit,238,0,0
AddLimit,231,0,0
AddLimit,216,0,0
AddLimit,226,0,0
AddLimit,244,0,0
AddLimit,220,0,0
AddLimit,218,0,0
AddLimit,221,0,0
AddLimit,220,0,0
AddLimit,221,0,0
AddLimit,238,0,0
AddLimit,213,0,0
AddLimit,216,0,0
AddLimit,216,0,0
AddLimit,219,0,0
AddLimit,210,0,0
AddLimit,224,0,0
AddLimit,233,0,0
AddLimit,219,0,0
AddLimit,209,0,0
AddLimit,198,0,0
AddLimit,200,0,0
AddLimit,221,0,0
AddLimit,205,0,0
AddLimit,215,0,0
AddLimit,197,0,0
AddLimit,221,0,0
AddLimit,224,0,0
AddLimit,220,0,0
AddLimit,209,0,0
AddLimit,211,0,0
AddLimit,201,0,0
AddLimit,208,0,0
AddLimit,218,0,0
AddLimit,201,0,0
AddLimit,220,0,0
AddLimit,220,0,0
AddLimit,213,0,0
AddLimit,1183,0,0
AddLimit,234,0,0
AddLimit,235,0,0
AddLimit,224,0,0
AddLimit,216,0,0
AddLimit,234,0,0
AddLimit,213,0,0
AddLimit,218,0,0
AddLimit,214,0,0
AddLimit,202,0,0
AddLimit,227,0,0
AddLimit,228,0,0
AddLimit,206,0,0
AddLimit,215,0,0
AddLimit,213,0,0
AddLimit,206,0,0
AddLimit,225,0,0
AddLimit,207,0,0
AddLimit,208,0,0
AddLimit,211,0,0
AddLimit,224,0,0
AddLimit,205,0,0
AddLimit,200,0,0
AddLimit,223,0,0
AddLimit,225,0,0
AddLimit,208,0,0
AddLimit,223,0,0
AddLimit,216,0,0
AddLimit,212,0,0
AddLimit,209,0,0
AddLimit,210,0,0
AddLimit,221,0,0
AddLimit,207,0,0
AddLimit,203,0,0
AddLimit,217,0,0
AddLimit,226,0,0
AddLimit,211,0,0
AddLimit,210,0,0
AddLimit,204,0,0
AddLimit,233,0,0
AddLimit,209,0,0
AddLimit,225,0,0
AddLimit,203,0,0
AddLimit,210,0,0
AddLimit,223,0,0
AddLimit,228,0,0
AddLimit,201,0,0
AddLimit,237,0,0
AddLimit,222,0,0
AddLimit,212,0,0
AddLimit,219,0,0
AddLimit,213,0,0
AddLimit,207,0,0
AddLimit,216,0,0
AddLimit,219,0,0
AddLimit,211,0,0
AddLimit,211,0,0
AddLimit,209,0,0
AddLimit,212,0,0
AddLimit,207,0,0
AddLimit,214,0,0
AddLimit,212,0,0
AddLimit,213,0,0
AddLimit,213,0,0
AddLimit,216,0,0
AddLimit,218,0,0
AddLimit,213,0,0
AddLimit,223,0,0
AddLimit,216,0,0
AddLimit,210,0,0
AddLimit,215,0,0
AddLimit,224,0,0
AddLimit,213,0,0
AddLimit,212,0,0
AddLimit,215,0,0
AddLimit,216,0,0
AddLimit,224,0,0
AddLimit,234,0,0
AddLimit,229,0,0
AddLimit,220,0,0
AddLimit,204,0,0
AddLimit,218,0,0
AddLimit,215,0,0
AddLimit,210,0,0
AddLimit,1177,0,0
AddLimit,213,0,0
AddLimit,212,0,0
AddLimit,216,0,0
AddLimit,235,0,0
AddLimit,213,0,0
AddLimit,213,0,0
AddLimit,215,0,0
AddLimit,227,0,0
AddLimit,229,0,0
AddLimit,241,0,0
AddLimit,217,0,0
AddLimit,225,0,0
AddLimit,216,0,0
AddLimit,212,0,0
AddLimit,213,0,0
AddLimit,218,0,0
AddLimit,211,0,0
AddLimit,223,0,0
AddLimit,211,0,0
AddLimit,226,0,0
AddLimit,219,0,0
AddLimit,217,0,0
AddLimit,230,0,0
AddLimit,203,0,0
AddLimit,226,0,0
AddLimit,207,0,0
AddLimit,204,0,0
AddLimit,205,0,0
AddLimit,240,0,0
AddLimit,228,0,0
AddLimit,207,0,0
AddLimit,225,0,0
AddLimit,214,0,0
AddLimit,214,0,0
AddLimit,256,0,0
AddLimit,206,0,0
AddLimit,238,0,0
AddLimit,220,0,0
AddLimit,215,0,0
AddLimit,212,0,0
AddLimit,230,0,0
AddLimit,212,0,0
AddLimit,207,0,0
AddLimit,210,0,0
AddLimit,223,0,0
AddLimit,210,0,0
AddLimit,226,0,0
AddLimit,208,0,0
AddLimit,227,0,0
AddLimit,209,0,0
AddLimit,207,0,0
AddLimit,214,0,0
AddLimit,209,0,0
AddLimit,214,0,0
AddLimit,213,0,0
AddLimit,211,0,0
AddLimit,217,0,0
AddLimit,210,0,0
AddLimit,216,0,0
AddLimit,214,0,0
AddLimit,208,0,0
AddLimit,212,0,0
AddLimit,225,0,0
AddLimit,230,0,0
AddLimit,211,0,0
AddLimit,225,0,0
AddLimit,211,0,0
AddLimit,212,0,0
AddLimit,206,0,0
AddLimit,214,0,0
AddLimit,225,0,0
AddLimit,229,0,0
AddLimit,219,0,0
AddLimit,215,0,0
AddLimit,210,0,0
AddLimit,212,0,0
AddLimit,225,0,0
AddLimit,211,0,0
AddLimit,230,0,0
AddLimit,220,0,0
AddLimit,215,0,0
AddLimit,214,0,0
AddLimit,221,0,0
AddLimit,1213,0,0
AddLimit,206,0,0
AddLimit,228,0,0
AddLimit,206,0,0
AddLimit,235,0,0
AddLimit,227,0,0
AddLimit,231,0,0
AddLimit,213,0,0
AddLimit,220,0,0
AddLimit,215,0,0
AddLimit,211,0,0
AddLimit,212,0,0
AddLimit,226,0,0
AddLimit,228,0,0
AddLimit,228,0,0
AddLimit,216,0,0
AddLimit,215,0,0
AddLimit,224,0,0
AddLimit,212,0,0
AddLimit,203,0,0
AddLimit,204,0,0
AddLimit,204,0,0
AddLimit,223,0,0
AddLimit,218,0,0
AddLimit,207,0,0
AddLimit,228,0,0
AddLimit,198,0,0
AddLimit,222,0,0
AddLimit,200,0,0
AddLimit,200,0,0
AddLimit,222,0,0
AddLimit,205,0,0
AddLimit,212,0,0
AddLimit,203,0,0
AddLimit,205,0,0
AddLimit,219,0,0
AddLimit,208,0,0
AddLimit,207,0,0
AddLimit,221,0,0
AddLimit,231,0,0
AddLimit,245,0,0
AddLimit,215,0,0
AddLimit,207,0,0
AddLimit,227,0,0
AddLimit,202,0,0
AddLimit,219,0,0
AddLimit,212,0,0
AddLimit,218,0,0
AddLimit,226,0,0
AddLimit,219,0,0
AddLimit,214,0,0
AddLimit,215,0,0
AddLimit,216,0,0
AddLimit,216,0,0
AddLimit,212,0,0
AddLimit,230,0,0
AddLimit,227,0,0
AddLimit,209,0,0
AddLimit,215,0,0
AddLimit,219,0,0
AddLimit,226,0,0
AddLimit,204,0,0
AddLimit,223,0,0
AddLimit,199,0,0
AddLimit,204,0,0
AddLimit,207,0,0
AddLimit,223,0,0
AddLimit,223,0,0
AddLimit,220,0,0
AddLimit,224,0,0
AddLimit,223,0,0
AddLimit,212,0,0
AddLimit,213,0,0
AddLimit,237,0,0
AddLimit,242,0,0
AddLimit,222,0,0
AddLimit,203,0,0
AddLimit,218,0,0
AddLimit,212,0,0
AddLimit,210,0,0
AddLimit,220,0,0
AddLimit,236,0,0
AddLimit,222,0,0
AddLimit,207,0,0
AddLimit,220,0,0
AddLimit,3140,0,0
AddLimit,1192,0,0
AddLimit,219,0,0
AddLimit,224,0,0
AddLimit,238,0,0
AddLimit,218,0,0
AddLimit,220,0,0
AddLimit,248,0,0
AddLimit,217,0,0
AddLimit,218,0,0
AddLimit,226,0,0
AddLimit,212,0,0
AddLimit,218,0,0
AddLimit,207,0,0
AddLimit,227,0,0
AddLimit,229,0,0
AddLimit,208,0,0
AddLimit,205,0,0
AddLimit,213,0,0
AddLimit,258,0,0
AddLimit,211,0,0
AddLimit,234,0,0
AddLimit,246,0,0
AddLimit,215,0,0
AddLimit,217,0,0
AddLimit,241,0,0
AddLimit,217,0,0
AddLimit,233,0,0
AddLimit,229,0,0
AddLimit,220,0,0
AddLimit,228,0,0
AddLimit,232,0,0
AddLimit,218,0,0
AddLimit,213,0,0
AddLimit,210,0,0
AddLimit,215,0,0
AddLimit,222,0,0
AddLimit,226,0,0
AddLimit,201,0,0
AddLimit,209,0,0
AddLimit,213,0,0
AddLimit,205,0,0
AddLimit,226,0,0
AddLimit,215,0,0
AddLimit,221,0,0
AddLimit,236,0,0
AddLimit,226,0,0
AddLimit,221,0,0
AddLimit,215,0,0
AddLimit,217,0,0
AddLimit,213,0,0
AddLimit,209,0,0
AddLimit,226,0,0
AddLimit,243,0,0
AddLimit,205,0,0
AddLimit,226,0,0
AddLimit,213,0,0
AddLimit,209,0,0
AddLimit,203,0,0
AddLimit,228,0,0
AddLimit,207,0,0
AddLimit,221,0,0
AddLimit,228,0,0
AddLimit,218,0,0
AddLimit,211,0,0
AddLimit,207,0,0
AddLimit,223,0,0
AddLimit,225,0,0
AddLimit,226,0,0
AddLimit,206,0,0
AddLimit,233,0,0
AddLimit,231,0,0
AddLimit,218,0,0
AddLimit,204,0,0
AddLimit,206,0,0
AddLimit,236,0,0
AddLimit,230,0,0
AddLimit,230,0,0
AddLimit,218,0,0
AddLimit,205,0,0
AddLimit,226,0,0
AddLimit,222,0,0
AddLimit,206,0,0
AddLimit,203,0,0
AddLimit,202,0,0
AddLimit,1107,0,0
AddLimit,237,0,0
AddLimit,214,0,0
AddLimit,210,0,0
AddLimit,236,0,0
AddLimit,234,0,0
AddLimit,242,0,0
AddLimit,203,0,0
AddLimit,242,0,0
AddLimit,208,0,0
AddLimit,225,0,0
AddLimit,235,0,0
AddLimit,235,0,0
AddLimit,217,0,0
AddLimit,219,0,0
AddLimit,215,0,0
AddLimit,216,0,0
AddLimit,230,0,0
AddLimit,215,0,0
AddLimit,211,0,0
AddLimit,216,0,0
AddLimit,207,0,0
AddLimit,228,0,0
AddLimit,227,0,0
AddLimit,213,0,0
AddLimit,221,0,0
AddLimit,213,0,0
AddLimit,215,0,0
AddLimit,204,0,0
AddLimit,218,0,0
AddLimit,206,0,0
AddLimit,214,0,0
AddLimit,235,0,0
AddLimit,236,0,0
AddLimit,224,0,0
AddLimit,206,0,0
AddLimit,249,0,0
AddLimit,226,0,0
AddLimit,208,0,0
AddLimit,202,0,0
AddLimit,208,0,0
AddLimit,242,0,0
AddLimit,208,0,0
AddLimit,225,0,0
AddLimit,203,0,0
AddLimit,198,0,0
AddLimit,239,0,0
AddLimit,223,0,0
AddLimit,216,0,0
AddLimit,210,0,0
AddLimit,203,0,0
AddLimit,226,0,0
AddLimit,212,0,0
AddLimit,200,0,0
AddLimit,237,0,0
AddLimit,226,0,0
AddLimit,201,0,0
AddLimit,223,0,0
AddLimit,229,0,0
AddLimit,226,0,0
AddLimit,210,0,0
AddLimit,227,0,0
AddLimit,212,0,0
AddLimit,218,0,0
AddLimit,226,0,0
AddLimit,220,0,0
AddLimit,217,0,0
AddLimit,230,0,0
AddLimit,224,0,0
AddLimit,211,0,0
AddLimit,230,0,0
AddLimit,221,0,0
AddLimit,211,0,0
AddLimit,216,0,0
AddLimit,233,0,0
AddLimit,215,0,0
AddLimit,253,0,0
AddLimit,228,0,0
AddLimit,217,0,0
AddLimit,215,0,0
AddLimit,219,0,0
AddLimit,213,0,0
AddLimit,229,0,0
AddLimit,227,0,0
AddLimit,213,0,0
AddLimit,216,0,0
AddLimit,2411,0,0
AddLimit,231,0,0
AddLimit,250,0,0
AddLimit,223,0,0
AddLimit,221,0,0
AddLimit,222,0,0
AddLimit,227,0,0
AddLimit,216,0,0
AddLimit,217,0,0
AddLimit,226,0,0
AddLimit,209,0,0
AddLimit,229,0,0
AddLimit,215,0,0
AddLimit,207,0,0
AddLimit,229,0,0
AddLimit,230,0,0
AddLimit,214,0,0
AddLimit,237,0,0
AddLimit,217,0,0
AddLimit,209,0,0
AddLimit,234,0,0
AddLimit,216,0,0
AddLimit,239,0,0
AddLimit,223,0,0
AddLimit,223,0,0
AddLimit,211,0,0
AddLimit,229,0,0
AddLimit,238,0,0
AddLimit,222,0,0
AddLimit,225,0,0
AddLimit,227,0,0
AddLimit,223,0,0
AddLimit,216,0,0
AddLimit,238,0,0
AddLimit,216,0,0
AddLimit,219,0,0
AddLimit,220,0,0
AddLimit,226,0,0
AddLimit,213,0,0
AddLimit,239,0,0
AddLimit,233,0,0
AddLimit,207,0,0
AddLimit,211,0,0
AddLimit,217,0,0
AddLimit,220,0,0
AddLimit,224,0,0
AddLimit,227,0,0
AddLimit,228,0,0
AddLimit,222,0,0
AddLimit,203,0,0
AddLimit,232,0,0
AddLimit,234,0,0
AddLimit,229,0,0
AddLimit,220,0,0
AddLimit,229,0,0
AddLimit,229,0,0
AddLimit,213,0,0
AddLimit,213,0,0
AddLimit,233,0,0
AddLimit,222,0,0
AddLimit,216,0,0
AddLimit,221,0,0
AddLimit,238,0,0
AddLimit,210,0,0
AddLimit,219,0,0
AddLimit,212,0,0
AddLimit,213,0,0
AddLimit,228,0,0
AddLimit,216,0,0
AddLimit,216,0,0
AddLimit,212,0,0
AddLimit,224,0,0
AddLimit,223,0,0
AddLimit,208,0,0
AddLimit,217,0,0
AddLimit,218,0,0
AddLimit,215,0,0
AddLimit,230,0,0
AddLimit,211,0,0
AddLimit,221,0,0
AddLimit,211,0,0
AddLimit,201,0,0
AddLimit,235,0,0
AddLimit,201,0,0
AddLimit,226,0,0
AddLimit,1184,0,0
AddLimit,238,0,0
AddLimit,228,0,0
AddLimit,213,0,0
AddLimit,240,0,0
AddLimit,206,0,0
AddLimit,225,0,0
AddLimit,211,0,0
AddLimit,229,0,0
AddLimit,228,0,0
AddLimit,240,0,0
AddLimit,212,0,0
AddLimit,217,0,0
AddLimit,219,0,0
AddLimit,234,0,0
AddLimit,221,0,0
AddLimit,227,0,0
AddLimit,211,0,0
AddLimit,205,0,0
AddLimit,245,0,0
AddLimit,251,0,0
AddLimit,241,0,0
AddLimit,248,0,0
AddLimit,226,0,0
AddLimit,227,0,0
AddLimit,214,0,0
AddLimit,213,0,0
AddLimit,231,0,0
AddLimit,233,0,0
AddLimit,214,0,0
AddLimit,213,0,0
AddLimit,214,0,0
AddLimit,214,0,0
AddLimit,212,0,0
AddLimit,224,0,0
AddLimit,222,0,0
AddLimit,215,0,0
AddLimit,221,0,0
AddLimit,210,0,0
AddLimit,217,0,0
AddLimit,215,0,0
AddLimit,219,0,0
AddLimit,211,0,0
AddLimit,222,0,0
AddLimit,211,0,0
AddLimit,220,0,0
AddLimit,243,0,0
AddLimit,215,0,0
AddLimit,235,0,0
AddLimit,216,0,0
AddLimit,216,0,0
AddLimit,220,0,0
AddLimit,226,0,0
AddLimit,238,0,0
AddLimit,210,0,0
AddLimit,230,0,0
AddLimit,230,0,0
AddLimit,214,0,0
AddLimit,219,0,0
AddLimit,213,0,0
AddLimit,213,0,0
AddLimit,220,0,0
AddLimit,214,0,0
AddLimit,217,0,0
AddLimit,233,0,0
AddLimit,257,0,0
AddLimit,212,0,0
AddLimit,201,0,0
AddLimit,200,0,0
AddLimit,227,0,0
AddLimit,204,0,0
AddLimit,226,0,0
AddLimit,221,0,0
AddLimit,210,0,0
AddLimit,214,0,0
AddLimit,219,0,0
AddLimit,238,0,0
AddLimit,217,0,0
AddLimit,199,0,0
AddLimit,206,0,0
AddLimit,237,0,0
AddLimit,210,0,0
AddLimit,205,0,0
AddLimit,205,0,0
AddLimit,204,0,0
AddLimit,1185,0,0
AddLimit,209,0,0
AddLimit,212,0,0
AddLimit,207,0,0
AddLimit,203,0,0
AddLimit,232,0,0
AddLimit,243,0,0
AddLimit,229,0,0
AddLimit,213,0,0
AddLimit,237,0,0
AddLimit,213,0,0
AddLimit,228,0,0
AddLimit,215,0,0
AddLimit,213,0,0
AddLimit,212,0,0
AddLimit,205,0,0
AddLimit,220,0,0
AddLimit,228,0,0
AddLimit,214,0,0
AddLimit,227,0,0
AddLimit,218,0,0
AddLimit,203,0,0
AddLimit,223,0,0
AddLimit,238,0,0
AddLimit,224,0,0
AddLimit,215,0,0
AddLimit,214,0,0
AddLimit,210,0,0
AddLimit,207,0,0
AddLimit,202,0,0
AddLimit,205,0,0
AddLimit,243,0,0
AddLimit,205,0,0
AddLimit,225,0,0
AddLimit,199,0,0
AddLimit,223,0,0
AddLimit,207,0,0
AddLimit,215,0,0
AddLimit,222,0,0
AddLimit,250,0,0
AddLimit,208,0,0
AddLimit,214,0,0
AddLimit,211,0,0
AddLimit,214,0,0
AddLimit,216,0,0
AddLimit,232,0,0
AddLimit,222,0,0
AddLimit,210,0,0
AddLimit,211,0,0
AddLimit,215,0,0
AddLimit,212,0,0
AddLimit,214,0,0
AddLimit,223,0,0
AddLimit,227,0,0
AddLimit,234,0,0
AddLimit,209,0,0
AddLimit,205,0,0
AddLimit,217,0,0
AddLimit,207,0,0
AddLimit,226,0,0
AddLimit,227,0,0
AddLimit,236,0,0
AddLimit,236,0,0
AddLimit,214,0,0
AddLimit,212,0,0
AddLimit,243,0,0
AddLimit,232,0,0
AddLimit,216,0,0
AddLimit,217,0,0
AddLimit,219,0,0
AddLimit,215,0,0
AddLimit,216,0,0
AddLimit,218,0,0
AddLimit,216,0,0
AddLimit,214,0,0
AddLimit,208,0,0
AddLimit,233,0,0
AddLimit,215,0,0
AddLimit,215,0,0
AddLimit,216,0,0
AddLimit,210,0,0
AddLimit,205,0,0
AddLimit,204,0,0
AddLimit,223,0,0
AddLimit,228,0,0
AddLimit,205,0,0
AddLimit,1231,0,0
AddLimit,211,0,0
AddLimit,215,0,0
AddLimit,209,0,0
AddLimit,232,0,0
AddLimit,233,0,0
AddLimit,211,0,0
AddLimit,223,0,0
AddLimit,245,0,0
AddLimit,213,0,0
AddLimit,211,0,0
AddLimit,229,0,0
AddLimit,238,0,0
AddLimit,237,0,0
AddLimit,238,0,0
AddLimit,223,0,0
AddLimit,231,0,0
AddLimit,216,0,0
AddLimit,214,0,0
AddLimit,220,0,0
AddLimit,233,0,0
AddLimit,214,0,0
AddLimit,220,0,0
AddLimit,216,0,0
AddLimit,230,0,0
AddLimit,233,0,0
AddLimit,205,0,0
AddLimit,209,0,0
AddLimit,224,0,0
AddLimit,206,0,0
AddLimit,202,0,0
AddLimit,216,0,0
AddLimit,206,0,0
AddLimit,222,0,0
AddLimit,212,0,0
AddLimit,226,0,0
AddLimit,222,0,0
AddLimit,200,0,0
AddLimit,229,0,0
AddLimit,205,0,0
AddLimit,224,0,0
AddLimit,216,0,0
AddLimit,210,0,0
AddLimit,211,0,0
AddLimit,209,0,0
AddLimit,212,0,0
AddLimit,227,0,0
AddLimit,209,0,0
AddLimit,241,0,0
AddLimit,215,0,0
AddLimit,230,0,0
AddLimit,228,0,0
AddLimit,237,0,0
AddLimit,212,0,0
AddLimit,205,0,0
AddLimit,225,0,0
AddLimit,235,0,0
AddLimit,213,0,0
AddLimit,226,0,0
AddLimit,213,0,0
AddLimit,214,0,0
AddLimit,215,0,0
AddLimit,202,0,0
AddLimit,208,0,0
AddLimit,233,0,0
AddLimit,205,0,0
AddLimit,255,0,0
AddLimit,210,0,0
AddLimit,206,0,0
AddLimit,225,0,0
AddLimit,212,0,0
AddLimit,210,0,0
AddLimit,212,0,0
AddLimit,210,0,0
AddLimit,211,0,0
AddLimit,221,0,0
AddLimit,216,0,0
AddLimit,213,0,0
AddLimit,206,0,0
AddLimit,212,0,0
AddLimit,224,0,0
AddLimit,207,0,0
AddLimit,213,0,0
AddLimit,227,0,0
AddLimit,212,0,0
AddLimit,1494,0,0
AddLimit,221,0,0
AddLimit,223,0,0
AddLimit,230,0,0
AddLimit,219,0,0
AddLimit,223,0,0
AddLimit,216,0,0
AddLimit,225,0,0
AddLimit,209,0,0
AddLimit,210,0,0
AddLimit,251,0,0
AddLimit,243,0,0
AddLimit,240,0,0
AddLimit,207,0,0
AddLimit,211,0,0
AddLimit,233,0,0
AddLimit,216,0,0
AddLimit,210,0,0
AddLimit,204,0,0
AddLimit,231,0,0
AddLimit,209,0,0
AddLimit,204,0,0
AddLimit,224,0,0
AddLimit,218,0,0
AddLimit,236,0,0
AddLimit,210,0,0
AddLimit,234,0,0
AddLimit,224,0,0
AddLimit,232,0,0
AddLimit,215,0,0
AddLimit,207,0,0
AddLimit,210,0,0
AddLimit,207,0,0
AddLimit,232,0,0
AddLimit,214,0,0
AddLimit,229,0,0
AddLimit,230,0,0
AddLimit,229,0,0
AddLimit,208,0,0
AddLimit,204,0,0
AddLimit,210,0,0
AddLimit,208,0,0
AddLimit,237,0,0
AddLimit,206,0,0
AddLimit,233,0,0
AddLimit,230,0,0
AddLimit,237,0,0
AddLimit,230,0,0
AddLimit,207,0,0
AddLimit,213,0,0
AddLimit,213,0,0
AddLimit,219,0,0
AddLimit,256,0,0
AddLimit,224,0,0
AddLimit,206,0,0
AddLimit,225,0,0
AddLimit,203,0,0
AddLimit,209,0,0
AddLimit,207,0,0
AddLimit,227,0,0
AddLimit,230,0,0
AddLimit,207,0,0
AddLimit,205,0,0
AddLimit,208,0,0
AddLimit,230,0,0
AddLimit,231,0,0
AddLimit,210,0,0
AddLimit,234,0,0
AddLimit,210,0,0
AddLimit,217,0,0
AddLimit,226,0,0
AddLimit,207,0,0
AddLimit,231,0,0
AddLimit,232,0,0
AddLimit,224,0,0
AddLimit,226,0,0
AddLimit,217,0,0
AddLimit,206,0,0
AddLimit,231,0,0
AddLimit,218,0,0
AddLimit,227,0,0
AddLimit,230,0,0
AddLimit,233,0,0
AddLimit,230,0,0
AddLimit,227,0,0
AddLimit,1169,0,0
AddLimit,219,0,0
AddLimit,224,0,0
AddLimit,219,0,0
AddLimit,220,0,0
AddLimit,216,0,0
AddLimit,233,0,0
AddLimit,208,0,0
AddLimit,235,0,0
AddLimit,237,0,0
AddLimit,229,0,0
AddLimit,222,0,0
AddLimit,213,0,0
AddLimit,232,0,0
AddLimit,208,0,0
AddLimit,229,0,0
AddLimit,227,0,0
AddLimit,216,0,0
AddLimit,216,0,0
AddLimit,208,0,0
AddLimit,215,0,0
AddLimit,208,0,0
AddLimit,232,0,0
AddLimit,219,0,0
AddLimit,208,0,0
AddLimit,210,0,0
AddLimit,229,0,0
AddLimit,207,0,0
AddLimit,226,0,0
AddLimit,228,0,0
AddLimit,234,0,0
AddLimit,228,0,0
AddLimit,231,0,0
AddLimit,206,0,0
AddLimit,211,0,0
AddLimit,207,0,0
AddLimit,224,0,0
AddLimit,207,0,0
AddLimit,230,0,0
AddLimit,231,0,0
AddLimit,212,0,0
AddLimit,212,0,0
AddLimit,225,0,0
AddLimit,228,0,0
AddLimit,226,0,0
AddLimit,229,0,0
AddLimit,217,0,0
AddLimit,209,0,0
AddLimit,210,0,0
AddLimit,218,0,0
AddLimit,210,0,0
AddLimit,213,0,0
AddLimit,223,0,0
AddLimit,231,0,0
AddLimit,208,0,0
AddLimit,211,0,0
AddLimit,216,0,0
AddLimit,213,0,0
AddLimit,212,0,0
AddLimit,210,0,0
AddLimit,212,0,0
AddLimit,217,0,0
AddLimit,210,0,0
AddLimit,214,0,0
AddLimit,212,0,0
AddLimit,226,0,0
AddLimit,215,0,0
AddLimit,216,0,0
AddLimit,213,0,0
AddLimit,217,0,0
AddLimit,236,0,0
AddLimit,218,0,0
AddLimit,212,0,0
AddLimit,211,0,0
AddLimit,216,0,0
AddLimit,258,0,0
AddLimit,212,0,0
AddLimit,233,0,0
AddLimit,228,0,0
AddLimit,242,0,0
AddLimit,226,0,0
AddLimit,221,0,0
AddLimit,221,0,0
AddLimit,220,0,0
AddLimit,220,0,0
AddLimit,226,0,0
AddLimit,1179,0,0
AddLimit,221,0,0
AddLimit,224,0,0
AddLimit,236,0,0
AddLimit,218,0,0
AddLimit,209,0,0
AddLimit,210,0,0
AddLimit,213,0,0
AddLimit,206,0,0
AddLimit,230,0,0
AddLimit,214,0,0
AddLimit,226,0,0
AddLimit,209,0,0
AddLimit,207,0,0
AddLimit,228,0,0
AddLimit,215,0,0
AddLimit,216,0,0
AddLimit,216,0,0
AddLimit,212,0,0
AddLimit,237,0,0
AddLimit,233,0,0
AddLimit,228,0,0
AddLimit,213,0,0
AddLimit,211,0,0
AddLimit,227,0,0
AddLimit,227,0,0
AddLimit,226,0,0
AddLimit,229,0,0
AddLimit,223,0,0
AddLimit,229,0,0
AddLimit,225,0,0
AddLimit,239,0,0
AddLimit,216,0,0
AddLimit,219,0,0
AddLimit,218,0,0
AddLimit,218,0,0
AddLimit,200,0,0
AddLimit,224,0,0
AddLimit,249,0,0
AddLimit,207,0,0
AddLimit,205,0,0
AddLimit,208,0,0
AddLimit,230,0,0
AddLimit,260,0,0
AddLimit,212,0,0
AddLimit,216,0,0
AddLimit,221,0,0
AddLimit,216,0,0
AddLimit,216,0,0
AddLimit,236,0,0
AddLimit,218,0,0
AddLimit,228,0,0
AddLimit,229,0,0
AddLimit,219,0,0
AddLimit,237,0,0
AddLimit,208,0,0
AddLimit,219,0,0
AddLimit,221,0,0
AddLimit,220,0,0
AddLimit,214,0,0
AddLimit,218,0,0
AddLimit,216,0,0
AddLimit,219,0,0
AddLimit,218,0,0
AddLimit,215,0,0
AddLimit,210,0,0
AddLimit,226,0,0
AddLimit,216,0,0
AddLimit,219,0,0
AddLimit,207,0,0
AddLimit,227,0,0
AddLimit,208,0,0
AddLimit,243,0,0
AddLimit,233,0,0
AddLimit,213,0,0
AddLimit,203,0,0
AddLimit,225,0,0
AddLimit,233,0,0
AddLimit,217,0,0
AddLimit,214,0,0
AddLimit,228,0,0
AddLimit,220,0,0
AddLimit,228,0,0
AddLimit,206,0,0
AddLimit,1148,0,0
AddLimit,220,0,0
AddLimit,249,0,0
AddLimit,233,0,0
AddLimit,209,0,0
AddLimit,212,0,0
AddLimit,223,0,0
AddLimit,210,0,0
AddLimit,226,0,0
AddLimit,231,0,0
AddLimit,203,0,0
AddLimit,210,0,0
AddLimit,244,0,0
AddLimit,213,0,0
AddLimit,207,0,0
AddLimit,222,0,0
AddLimit,203,0,0
AddLimit,227,0,0
AddLimit,203,0,0
AddLimit,247,0,0
AddLimit,203,0,0
AddLimit,214,0,0
AddLimit,207,0,0
AddLimit,212,0,0
AddLimit,206,0,0
AddLimit,210,0,0
AddLimit,234,0,0
AddLimit,254,0,0
AddLimit,223,0,0
AddLimit,209,0,0
AddLimit,207,0,0
AddLimit,231,0,0
AddLimit,207,0,0
AddLimit,237,0,0
AddLimit,208,0,0
AddLimit,228,0,0
AddLimit,206,0,0
AddLimit,216,0,0
AddLimit,224,0,0
AddLimit,225,0,0
AddLimit,210,0,0
AddLimit,208,0,0
AddLimit,233,0,0
AddLimit,225,0,0
AddLimit,218,0,0
AddLimit,229,0,0
AddLimit,215,0,0
AddLimit,209,0,0
AddLimit,224,0,0
AddLimit,226,0,0
AddLimit,219,0,0
AddLimit,215,0,0
AddLimit,213,0,0
AddLimit,217,0,0
AddLimit,214,0,0
AddLimit,215,0,0
AddLimit,209,0,0
AddLimit,215,0,0
AddLimit,225,0,0
AddLimit,217,0,0
AddLimit,216,0,0
AddLimit,211,0,0
AddLimit,212,0,0
AddLimit,226,0,0
AddLimit,212,0,0
AddLimit,217,0,0
AddLimit,212,0,0
AddLimit,200,0,0
AddLimit,202,0,0
AddLimit,231,0,0
AddLimit,229,0,0
AddLimit,213,0,0
AddLimit,223,0,0
AddLimit,213,0,0
AddLimit,222,0,0
AddLimit,234,0,0
AddLimit,230,0,0
AddLimit,224,0,0
AddLimit,227,0,0
AddLimit,229,0,0
AddLimit,208,0,0
AddLimit,209,0,0
AddLimit,216,0,0
AddLimit,228,0,0
AddLimit,225,0,0
AddLimit,225,0,0
AddLimit,1342,0,0
AddLimit,216,0,0
AddLimit,209,0,0
AddLimit,239,0,0
AddLimit,236,0,0
AddLimit,220,0,0
AddLimit,210,0,0
AddLimit,202,0,0
AddLimit,235,0,0
AddLimit,233,0,0
AddLimit,244,0,0
AddLimit,223,0,0
AddLimit,212,0,0
AddLimit,237,0,0
AddLimit,226,0,0
AddLimit,216,0,0
AddLimit,230,0,0
AddLimit,210,0,0
AddLimit,236,0,0
AddLimit,220,0,0
AddLimit,232,0,0
AddLimit,236,0,0
AddLimit,229,0,0
AddLimit,214,0,0
AddLimit,217,0,0
AddLimit,214,0,0
AddLimit,246,0,0
AddLimit,210,0,0
AddLimit,208,0,0
AddLimit,235,0,0
AddLimit,230,0,0
AddLimit,228,0,0
AddLimit,208,0,0
AddLimit,216,0,0
AddLimit,211,0,0
AddLimit,211,0,0
AddLimit,249,0,0
AddLimit,205,0,0
AddLimit,235,0,0
AddLimit,203,0,0
AddLimit,228,0,0
AddLimit,211,0,0
AddLimit,212,0,0
AddLimit,207,0,0
AddLimit,206,0,0
AddLimit,207,0,0
AddLimit,205,0,0
AddLimit,228,0,0
AddLimit,228,0,0
AddLimit,230,0,0
AddLimit,205,0,0
AddLimit,203,0,0
AddLimit,207,0,0
AddLimit,243,0,0
AddLimit,205,0,0
AddLimit,204,0,0
AddLimit,229,0,0
AddLimit,227,0,0
AddLimit,203,0,0
AddLimit,203,0,0
AddLimit,233,0,0
AddLimit,226,0,0
AddLimit,208,0,0
AddLimit,221,0,0
AddLimit,211,0,0
AddLimit,208,0,0
AddLimit,238,0,0
AddLimit,245,0,0
AddLimit,231,0,0
AddLimit,232,0,0
AddLimit,205,0,0
AddLimit,216,0,0
AddLimit,236,0,0
AddLimit,207,0,0
AddLimit,204,0,0
AddLimit,203,0,0
AddLimit,200,0,0
AddLimit,221,0,0
AddLimit,222,0,0
AddLimit,227,0,0
AddLimit,236,0,0
AddLimit,203,0,0
AddLimit,213,0,0
AddLimit,225,0,0
AddLimit,204,0,0
AddLimit,246,0,0
AddLimit,1241,0,0
AddLimit,205,0,0
AddLimit,214,0,0
AddLimit,236,0,0
AddLimit,208,0,0
AddLimit,250,0,0
AddLimit,225,0,0
AddLimit,214,0,0
AddLimit,237,0,0
AddLimit,210,0,0
AddLimit,244,0,0
AddLimit,239,0,0
AddLimit,206,0,0
AddLimit,218,0,0
AddLimit,212,0,0
AddLimit,206,0,0
AddLimit,233,0,0
AddLimit,218,0,0
AddLimit,228,0,0
AddLimit,228,0,0
AddLimit,209,0,0
AddLimit,234,0,0
AddLimit,236,0,0
AddLimit,203,0,0
AddLimit,242,0,0
AddLimit,211,0,0
AddLimit,203,0,0
AddLimit,217,0,0
AddLimit,206,0,0
AddLimit,208,0,0
AddLimit,210,0,0
AddLimit,206,0,0
AddLimit,228,0,0
AddLimit,201,0,0
AddLimit,219,0,0
AddLimit,227,0,0
AddLimit,202,0,0
AddLimit,214,0,0
AddLimit,225,0,0
AddLimit,219,0,0
AddLimit,242,0,0
AddLimit,200,0,0
AddLimit,223,0,0
AddLimit,229,0,0
AddLimit,239,0,0
AddLimit,214,0,0
AddLimit,211,0,0
AddLimit,209,0,0
AddLimit,236,0,0
AddLimit,247,0,0
AddLimit,228,0,0
AddLimit,212,0,0
AddLimit,213,0,0
AddLimit,200,0,0
AddLimit,235,0,0
AddLimit,211,0,0
AddLimit,236,0,0
AddLimit,226,0,0
AddLimit,225,0,0
AddLimit,214,0,0
AddLimit,216,0,0
AddLimit,232,0,0
AddLimit,209,0,0
AddLimit,210,0,0
AddLimit,214,0,0
AddLimit,215,0,0
AddLimit,207,0,0
AddLimit,204,0,0
AddLimit,204,0,0
AddLimit,232,0,0
AddLimit,220,0,0
AddLimit,232,0,0
AddLimit,202,0,0
AddLimit,226,0,0
AddLimit,226,0,0
AddLimit,208,0,0
AddLimit,227,0,0
AddLimit,203,0,0
AddLimit,231,0,0
AddLimit,224,0,0
AddLimit,215,0,0
AddLimit,213,0,0
AddLimit,212,0,0
AddLimit,227,0,0
AddLimit,215,0,0
AddLimit,1339,0,0
AddLimit,223,0,0
AddLimit,233,0,0
AddLimit,226,0,0
AddLimit,229,0,0
AddLimit,225,0,0
AddLimit,210,0,0
AddLimit,217,0,0
AddLimit,223,0,0
AddLimit,222,0,0
AddLimit,240,0,0
AddLimit,217,0,0
AddLimit,219,0,0
AddLimit,214,0,0
AddLimit,213,0,0
AddLimit,216,0,0
AddLimit,208,0,0
AddLimit,213,0,0
AddLimit,209,0,0
AddLimit,217,0,0
AddLimit,220,0,0
AddLimit,211,0,0
AddLimit,209,0,0
AddLimit,219,0,0
AddLimit,218,0,0
AddLimit,221,0,0
AddLimit,220,0,0
AddLimit,222,0,0
AddLimit,213,0,0
AddLimit,213,0,0
AddLimit,220,0,0
AddLimit,206,0,0
AddLimit,231,0,0
AddLimit,207,0,0
AddLimit,206,0,0
AddLimit,206,0,0
AddLimit,231,0,0
AddLimit,230,0,0
AddLimit,206,0,0
AddLimit,207,0,0
AddLimit,209,0,0
AddLimit,202,0,0
AddLimit,231,0,0
AddLimit,225,0,0
AddLimit,203,0,0
AddLimit,227,0,0
AddLimit,214,0,0
AddLimit,226,0,0
AddLimit,249,0,0
AddLimit,214,0,0
AddLimit,227,0,0
AddLimit,213,0,0
AddLimit,224,0,0
AddLimit,213,0,0
AddLimit,229,0,0
AddLimit,213,0,0
AddLimit,223,0,0
AddLimit,219,0,0
AddLimit,223,0,0
AddLimit,217,0,0
AddLimit,213,0,0
AddLimit,211,0,0
AddLimit,214,0,0
AddLimit,217,0,0
AddLimit,210,0,0
AddLimit,222,0,0
AddLimit,216,0,0
AddLimit,220,0,0
AddLimit,215,0,0
AddLimit,225,0,0
AddLimit,217,0,0
AddLimit,219,0,0
AddLimit,220,0,0
AddLimit,214,0,0
AddLimit,207,0,0
AddLimit,237,0,0
AddLimit,222,0,0
AddLimit,216,0,0
AddLimit,257,0,0
AddLimit,236,0,0
AddLimit,208,0,0
AddLimit,214,0,0
AddLimit,221,0,0
AddLimit,224,0,0
AddLimit,232,0,0
AddLimit,2053,0,0
AddLimit,223,0,0
AddLimit,226,0,0
AddLimit,214,0,0
AddLimit,211,0,0
AddLimit,245,0,0
AddLimit,235,0,0
AddLimit,218,0,0
AddLimit,216,0,0
AddLimit,216,0,0
AddLimit,217,0,0
AddLimit,214,0,0
AddLimit,216,0,0
AddLimit,209,0,0
AddLimit,227,0,0
AddLimit,225,0,0
AddLimit,218,0,0
AddLimit,224,0,0
AddLimit,213,0,0
AddLimit,215,0,0
AddLimit,201,0,0
AddLimit,203,0,0
AddLimit,247,0,0
AddLimit,198,0,0
AddLimit,205,0,0
AddLimit,240,0,0
AddLimit,203,0,0
AddLimit,247,0,0
AddLimit,208,0,0
AddLimit,257,0,0
AddLimit,237,0,0
AddLimit,229,0,0
AddLimit,215,0,0
AddLimit,211,0,0
AddLimit,227,0,0
AddLimit,213,0,0
AddLimit,210,0,0
AddLimit,230,0,0
AddLimit,229,0,0
AddLimit,225,0,0
AddLimit,212,0,0
AddLimit,204,0,0
AddLimit,205,0,0
AddLimit,1542,0,0
AddLimit,212,0,0
AddLimit,202,0,0
AddLimit,227,0,0
AddLimit,237,0,0
AddLimit,265,0,0
AddLimit,229,0,0
AddLimit,210,0,0
AddLimit,204,0,0
AddLimit,235,0,0
AddLimit,236,0,0
AddLimit,213,0,0
AddLimit,210,0,0
AddLimit,235,0,0
AddLimit,213,0,0
AddLimit,226,0,0
AddLimit,224,0,0
AddLimit,236,0,0
AddLimit,216,0,0
AddLimit,257,0,0
AddLimit,230,0,0
AddLimit,212,0,0
AddLimit,219,0,0
AddLimit,226,0,0
AddLimit,228,0,0
AddLimit,228,0,0
AddLimit,218,0,0
AddLimit,209,0,0
AddLimit,227,0,0
AddLimit,224,0,0
AddLimit,231,0,0
AddLimit,221,0,0
AddLimit,216,0,0
AddLimit,218,0,0
AddLimit,227,0,0
AddLimit,226,0,0
AddLimit,221,0,0
AddLimit,197,0,0
AddLimit,228,0,0
AddLimit,225,0,0
AddLimit,217,0,0
AddLimit,227,0,0
AddLimit,215,0,0
AddLimit,1146,0,0
AddLimit,220,0,0
AddLimit,224,0,0
AddLimit,227,0,0
AddLimit,221,0,0
AddLimit,219,0,0
AddLimit,217,0,0
AddLimit,219,0,0
AddLimit,227,0,0
AddLimit,219,0,0
AddLimit,212,0,0
AddLimit,214,0,0
AddLimit,237,0,0
AddLimit,216,0,0
AddLimit,209,0,0
AddLimit,210,0,0
AddLimit,212,0,0
AddLimit,237,0,0
AddLimit,217,0,0
AddLimit,218,0,0
AddLimit,218,0,0
AddLimit,210,0,0
AddLimit,216,0,0
AddLimit,225,0,0
AddLimit,212,0,0
AddLimit,218,0,0
AddLimit,216,0,0
AddLimit,216,0,0
AddLimit,213,0,0
AddLimit,224,0,0
AddLimit,233,0,0
AddLimit,226,0,0
AddLimit,207,0,0
AddLimit,230,0,0
AddLimit,218,0,0
AddLimit,220,0,0
AddLimit,217,0,0
AddLimit,223,0,0
AddLimit,218,0,0
AddLimit,211,0,0
AddLimit,232,0,0
AddLimit,220,0,0
AddLimit,215,0,0
AddLimit,236,0,0
AddLimit,216,0,0
AddLimit,226,0,0
AddLimit,225,0,0
AddLimit,219,0,0
AddLimit,213,0,0
AddLimit,247,0,0
AddLimit,215,0,0
AddLimit,222,0,0
AddLimit,213,0,0
AddLimit,221,0,0
AddLimit,237,0,0
AddLimit,216,0,0
AddLimit,207,0,0
AddLimit,204,0,0
AddLimit,217,0,0
AddLimit,234,0,0
AddLimit,244,0,0
AddLimit,229,0,0
AddLimit,222,0,0
AddLimit,222,0,0
AddLimit,219,0,0
AddLimit,207,0,0
AddLimit,206,0,0
AddLimit,206,0,0
AddLimit,227,0,0
AddLimit,234,0,0
AddLimit,232,0,0
AddLimit,238,0,0
AddLimit,230,0,0
AddLimit,233,0,0
AddLimit,211,0,0
AddLimit,217,0,0
AddLimit,232,0,0
AddLimit,217,0,0
AddLimit,235,0,0
AddLimit,211,0,0
AddLimit,206,0,0
AddLimit,209,0,0
AddLimit,211,0,0
AddLimit,209,0,0
AddLimit,230,0,0
AddLimit,1183,0,0
AddLimit,212,0,0
AddLimit,205,0,0
AddLimit,241,0,0
AddLimit,217,0,0
AddLimit,232,0,0
AddLimit,203,0,0
AddLimit,227,0,0
AddLimit,202,0,0
AddLimit,230,0,0
AddLimit,226,0,0
AddLimit,222,0,0
AddLimit,211,0,0
AddLimit,228,0,0
AddLimit,216,0,0
AddLimit,215,0,0
AddLimit,218,0,0
AddLimit,213,0,0
AddLimit,235,0,0
AddLimit,210,0,0
AddLimit,206,0,0
AddLimit,217,0,0
AddLimit,237,0,0
AddLimit,229,0,0
AddLimit,223,0,0
AddLimit,210,0,0
AddLimit,212,0,0
AddLimit,208,0,0
AddLimit,226,0,0
AddLimit,217,0,0
AddLimit,231,0,0
AddLimit,203,0,0
AddLimit,204,0,0
AddLimit,204,0,0
AddLimit,204,0,0
AddLimit,223,0,0
AddLimit,205,0,0
AddLimit,231,0,0
AddLimit,227,0,0
AddLimit,217,0,0
AddLimit,227,0,0
AddLimit,207,0,0
AddLimit,254,0,0
AddLimit,227,0,0
AddLimit,228,0,0
AddLimit,210,0,0
AddLimit,226,0,0
AddLimit,212,0,0
AddLimit,235,0,0
AddLimit,237,0,0
AddLimit,232,0,0
AddLimit,221,0,0
AddLimit,227,0,0
AddLimit,219,0,0
AddLimit,218,0,0
AddLimit,214,0,0
AddLimit,220,0,0
AddLimit,220,0,0
AddLimit,212,0,0
AddLimit,219,0,0
AddLimit,211,0,0
AddLimit,223,0,0
AddLimit,211,0,0
AddLimit,216,0,0
AddLimit,222,0,0
AddLimit,224,0,0
AddLimit,228,0,0
AddLimit,231,0,0
AddLimit,239,0,0
AddLimit,217,0,0
AddLimit,203,0,0
AddLimit,205,0,0
AddLimit,226,0,0
AddLimit,223,0,0
AddLimit,233,0,0
AddLimit,232,0,0
AddLimit,209,0,0
AddLimit,228,0,0
AddLimit,217,0,0
AddLimit,216,0,0
AddLimit,223,0,0
AddLimit,225,0,0
AddLimit,213,0,0
AddLimit,209,0,0
AddLimit,230,0,0
AddLimit,1188,0,0
AddLimit,224,0,0
AddLimit,215,0,0
AddLimit,221,0,0
AddLimit,232,0,0
AddLimit,217,0,0
AddLimit,225,0,0
AddLimit,217,0,0
AddLimit,216,0,0
AddLimit,227,0,0
AddLimit,215,0,0
AddLimit,234,0,0
AddLimit,219,0,0
AddLimit,232,0,0
AddLimit,215,0,0
AddLimit,213,0,0
AddLimit,225,0,0
AddLimit,210,0,0
AddLimit,221,0,0
AddLimit,235,0,0
AddLimit,249,0,0
AddLimit,229,0,0
AddLimit,228,0,0
AddLimit,217,0,0
AddLimit,219,0,0
AddLimit,213,0,0
AddLimit,278,0,0
AddLimit,215,0,0
AddLimit,218,0,0
AddLimit,222,0,0
AddLimit,215,0,0
AddLimit,235,0,0
AddLimit,248,0,0
AddLimit,235,0,0
AddLimit,219,0,0
AddLimit,237,0,0
AddLimit,216,0,0
AddLimit,223,0,0
AddLimit,222,0,0
AddLimit,232,0,0
AddLimit,217,0,0
AddLimit,233,0,0
AddLimit,221,0,0
AddLimit,247,0,0
AddLimit,217,0,0
AddLimit,217,0,0
AddLimit,233,0,0
AddLimit,212,0,0
AddLimit,221,0,0
AddLimit,230,0,0
AddLimit,223,0,0
AddLimit,223,0,0
AddLimit,210,0,0
AddLimit,218,0,0
AddLimit,220,0,0
AddLimit,212,0,0
AddLimit,214,0,0
AddLimit,229,0,0
AddLimit,224,0,0
AddLimit,218,0,0
AddLimit,220,0,0
AddLimit,205,0,0
AddLimit,227,0,0
AddLimit,207,0,0
AddLimit,245,0,0
AddLimit,242,0,0
AddLimit,215,0,0
AddLimit,215,0,0
AddLimit,215,0,0
AddLimit,214,0,0
AddLimit,230,0,0
AddLimit,213,0,0
AddLimit,213,0,0
AddLimit,235,0,0
AddLimit,237,0,0
AddLimit,256,0,0
AddLimit,231,0,0
AddLimit,236,0,0
AddLimit,220,0,0
AddLimit,216,0,0
AddLimit,218,0,0
AddLimit,236,0,0
AddLimit,221,0,0
AddLimit,208,0,0
AddLimit,236,0,0
AddLimit,204,0,0
AddLimit,1176,0,0
AddLimit,230,0,0
AddLimit,217,0,0
AddLimit,216,0,0
AddLimit,222,0,0
AddLimit,217,0,0
AddLimit,226,0,0
AddLimit,220,0,0
AddLimit,215,0,0
AddLimit,224,0,0
AddLimit,212,0,0
AddLimit,221,0,0
AddLimit,213,0,0
AddLimit,217,0,0
AddLimit,220,0,0
AddLimit,208,0,0
AddLimit,218,0,0
AddLimit,211,0,0
AddLimit,216,0,0
AddLimit,214,0,0
AddLimit,229,0,0
AddLimit,214,0,0
AddLimit,221,0,0
AddLimit,210,0,0
AddLimit,213,0,0
AddLimit,204,0,0
AddLimit,207,0,0
AddLimit,205,0,0
AddLimit,226,0,0
AddLimit,208,0,0
AddLimit,220,0,0
AddLimit,217,0,0
AddLimit,200,0,0
AddLimit,204,0,0
AddLimit,212,0,0
AddLimit,202,0,0
AddLimit,207,0,0
AddLimit,219,0,0
AddLimit,227,0,0
AddLimit,208,0,0
AddLimit,202,0,0
AddLimit,209,0,0
AddLimit,202,0,0
AddLimit,230,0,0
AddLimit,210,0,0
AddLimit,216,0,0
AddLimit,209,0,0
AddLimit,226,0,0
AddLimit,212,0,0
AddLimit,232,0,0
AddLimit,229,0,0
AddLimit,229,0,0
AddLimit,199,0,0
AddLimit,207,0,0
AddLimit,220,0,0
AddLimit,203,0,0
AddLimit,212,0,0
AddLimit,206,0,0
AddLimit,200,0,0
AddLimit,244,0,0
AddLimit,246,0,0
AddLimit,203,0,0
AddLimit,226,0,0
AddLimit,213,0,0
AddLimit,203,0,0
AddLimit,226,0,0
AddLimit,207,0,0
AddLimit,231,0,0
AddLimit,243,0,0
AddLimit,213,0,0
AddLimit,224,0,0
AddLimit,213,0,0
AddLimit,199,0,0
AddLimit,202,0,0
AddLimit,205,0,0
AddLimit,205,0,0
AddLimit,213,0,0
AddLimit,219,0,0
AddLimit,206,0,0
AddLimit,226,0,0
AddLimit,224,0,0
AddLimit,244,0,0
AddLimit,203,0,0
AddLimit,203,0,0
AddLimit,209,0,0
AddLimit,1246,0,0
AddLimit,233,0,0
AddLimit,254,0,0
AddLimit,243,0,0
AddLimit,234,0,0
AddLimit,235,0,0
AddLimit,236,0,0
AddLimit,222,0,0
AddLimit,214,0,0
AddLimit,209,0,0
AddLimit,232,0,0
AddLimit,229,0,0
AddLimit,233,0,0
AddLimit,213,0,0
AddLimit,212,0,0
AddLimit,230,0,0
AddLimit,244,0,0
AddLimit,216,0,0
AddLimit,217,0,0
AddLimit,215,0,0
AddLimit,215,0,0
AddLimit,213,0,0
AddLimit,219,0,0
AddLimit,218,0,0
AddLimit,213,0,0
AddLimit,217,0,0
AddLimit,212,0,0
AddLimit,217,0,0
AddLimit,218,0,0
AddLimit,213,0,0
AddLimit,209,0,0
AddLimit,226,0,0
AddLimit,221,0,0
AddLimit,218,0,0
AddLimit,207,0,0
AddLimit,229,0,0
AddLimit,227,0,0
AddLimit,214,0,0
AddLimit,218,0,0
AddLimit,219,0,0
AddLimit,232,0,0
AddLimit,221,0,0
AddLimit,228,0,0
AddLimit,216,0,0
AddLimit,223,0,0
AddLimit,216,0,0
AddLimit,223,0,0
AddLimit,205,0,0
AddLimit,228,0,0
AddLimit,201,0,0
AddLimit,231,0,0
AddLimit,233,0,0
AddLimit,232,0,0
AddLimit,217,0,0
AddLimit,205,0,0
AddLimit,203,0,0
AddLimit,216,0,0
AddLimit,209,0,0
AddLimit,210,0,0
AddLimit,238,0,0
AddLimit,208,0,0
AddLimit,229,0,0
AddLimit,216,0,0
AddLimit,206,0,0
AddLimit,206,0,0
AddLimit,208,0,0
AddLimit,204,0,0
AddLimit,229,0,0
AddLimit,225,0,0
AddLimit,217,0,0
AddLimit,227,0,0
AddLimit,227,0,0
AddLimit,208,0,0
AddLimit,233,0,0
AddLimit,208,0,0
AddLimit,244,0,0
AddLimit,228,0,0
AddLimit,218,0,0
AddLimit,222,0,0
AddLimit,219,0,0
AddLimit,230,0,0
AddLimit,220,0,0
AddLimit,227,0,0
AddLimit,212,0,0
AddLimit,213,0,0
AddLimit,1188,0,0
AddLimit,226,0,0
AddLimit,232,0,0
AddLimit,216,0,0
AddLimit,206,0,0
AddLimit,230,0,0
AddLimit,229,0,0
AddLimit,216,0,0
AddLimit,244,0,0
AddLimit,214,0,0
AddLimit,210,0,0
AddLimit,207,0,0
AddLimit,211,0,0
AddLimit,209,0,0
AddLimit,226,0,0
AddLimit,229,0,0
AddLimit,231,0,0
AddLimit,215,0,0
AddLimit,253,0,0
AddLimit,215,0,0
AddLimit,215,0,0
AddLimit,216,0,0
AddLimit,206,0,0
AddLimit,245,0,0
AddLimit,215,0,0
AddLimit,230,0,0
AddLimit,207,0,0
AddLimit,238,0,0
AddLimit,234,0,0
AddLimit,228,0,0
AddLimit,214,0,0
AddLimit,230,0,0
AddLimit,227,0,0
AddLimit,213,0,0
AddLimit,214,0,0
AddLimit,228,0,0
AddLimit,225,0,0
AddLimit,229,0,0
AddLimit,223,0,0
AddLimit,216,0,0
AddLimit,209,0,0
AddLimit,202,0,0
AddLimit,217,0,0
AddLimit,249,0,0
AddLimit,224,0,0
AddLimit,213,0,0
AddLimit,214,0,0
AddLimit,215,0,0
AddLimit,216,0,0
AddLimit,215,0,0
AddLimit,216,0,0
AddLimit,216,0,0
AddLimit,213,0,0
AddLimit,212,0,0
AddLimit,213,0,0
AddLimit,206,0,0
AddLimit,217,0,0
AddLimit,212,0,0
AddLimit,211,0,0
AddLimit,213,0,0
AddLimit,207,0,0
AddLimit,214,0,0
AddLimit,211,0,0
AddLimit,216,0,0
AddLimit,245,0,0
AddLimit,215,0,0
AddLimit,217,0,0
AddLimit,217,0,0
AddLimit,228,0,0
AddLimit,213,0,0
AddLimit,231,0,0
AddLimit,228,0,0
AddLimit,216,0,0
AddLimit,212,0,0
AddLimit,208,0,0
AddLimit,205,0,0
AddLimit,212,0,0
AddLimit,212,0,0
AddLimit,211,0,0
AddLimit,207,0,0
AddLimit,213,0,0
AddLimit,212,0,0
AddLimit,222,0,0
AddLimit,217,0,0
AddLimit,219,0,0
AddLimit,220,0,0
AddLimit,1220,0,0
AddLimit,220,0,0
AddLimit,222,0,0
AddLimit,222,0,0
AddLimit,213,0,0
AddLimit,205,0,0
AddLimit,244,0,0
AddLimit,226,0,0
AddLimit,217,0,0
AddLimit,217,0,0
AddLimit,218,0,0
AddLimit,211,0,0
AddLimit,218,0,0
AddLimit,211,0,0
AddLimit,224,0,0
AddLimit,211,0,0
AddLimit,213,0,0
AddLimit,236,0,0
AddLimit,218,0,0
AddLimit,225,0,0
AddLimit,214,0,0
AddLimit,234,0,0
AddLimit,214,0,0
AddLimit,200,0,0
AddLimit,224,0,0
AddLimit,206,0,0
AddLimit,209,0,0
AddLimit,202,0,0
AddLimit,219,0,0
AddLimit,202,0,0
AddLimit,238,0,0
AddLimit,225,0,0
AddLimit,204,0,0
AddLimit,231,0,0
AddLimit,204,0,0
AddLimit,239,0,0
AddLimit,227,0,0
AddLimit,227,0,0
AddLimit,226,0,0
AddLimit,205,0,0
AddLimit,212,0,0
AddLimit,207,0,0
AddLimit,208,0,0
AddLimit,204,0,0
AddLimit,229,0,0
AddLimit,237,0,0
AddLimit,238,0,0
AddLimit,224,0,0
AddLimit,219,0,0
AddLimit,221,0,0
AddLimit,206,0,0
AddLimit,226,0,0
AddLimit,204,0,0
AddLimit,206,0,0
AddLimit,228,0,0
AddLimit,219,0,0
AddLimit,226,0,0
AddLimit,234,0,0
AddLimit,228,0,0
AddLimit,211,0,0
AddLimit,214,0,0
AddLimit,213,0,0
AddLimit,215,0,0
AddLimit,225,0,0
AddLimit,218,0,0
AddLimit,210,0,0
AddLimit,219,0,0
AddLimit,216,0,0
AddLimit,210,0,0
AddLimit,216,0,0
AddLimit,225,0,0
AddLimit,237,0,0
AddLimit,225,0,0
AddLimit,227,0,0
AddLimit,211,0,0
AddLimit,216,0,0
AddLimit,233,0,0
AddLimit,268,0,0
AddLimit,213,0,0
AddLimit,210,0,0
AddLimit,228,0,0
AddLimit,223,0,0
AddLimit,207,0,0
AddLimit,203,0,0
AddLimit,202,0,0
AddLimit,1170,0,0
AddLimit,217,0,0
AddLimit,236,0,0
AddLimit,212,0,0
AddLimit,204,0,0
AddLimit,232,0,0
AddLimit,213,0,0
AddLimit,211,0,0
AddLimit,240,0,0
AddLimit,229,0,0
AddLimit,211,0,0
AddLimit,206,0,0
AddLimit,202,0,0
AddLimit,209,0,0
AddLimit,205,0,0
AddLimit,246,0,0
AddLimit,210,0,0
AddLimit,225,0,0
AddLimit,206,0,0
AddLimit,228,0,0
AddLimit,205,0,0
AddLimit,206,0,0
AddLimit,209,0,0
AddLimit,228,0,0
AddLimit,208,0,0
AddLimit,215,0,0
AddLimit,203,0,0
AddLimit,210,0,0
AddLimit,205,0,0
AddLimit,222,0,0
AddLimit,249,0,0
AddLimit,207,0,0
AddLimit,201,0,0
AddLimit,236,0,0
AddLimit,217,0,0
AddLimit,224,0,0
AddLimit,216,0,0
AddLimit,224,0,0
AddLimit,223,0,0
AddLimit,231,0,0
AddLimit,212,0,0
AddLimit,204,0,0
AddLimit,230,0,0
AddLimit,208,0,0
AddLimit,217,0,0
AddLimit,205,0,0
AddLimit,229,0,0
AddLimit,207,0,0
AddLimit,199,0,0
AddLimit,212,0,0
AddLimit,204,0,0
AddLimit,235,0,0
AddLimit,212,0,0
AddLimit,227,0,0
AddLimit,206,0,0
AddLimit,202,0,0
AddLimit,201,0,0
AddLimit,202,0,0
AddLimit,201,0,0
AddLimit,211,0,0
AddLimit,205,0,0
AddLimit,207,0,0
AddLimit,231,0,0
AddLimit,216,0,0
AddLimit,221,0,0
AddLimit,228,0,0
AddLimit,233,0,0
AddLimit,202,0,0
AddLimit,220,0,0
AddLimit,231,0,0
AddLimit,208,0,0
AddLimit,231,0,0
AddLimit,203,0,0
AddLimit,238,0,0
AddLimit,229,0,0
AddLimit,211,0,0
AddLimit,210,0,0
AddLimit,208,0,0
AddLimit,248,0,0
AddLimit,213,0,0
AddLimit,228,0,0
AddLimit,210,0,0
AddLimit,236,0,0
AddLimit,218,0,0
AddLimit,214,0,0
AddLimit,1272,0,0
AddLimit,218,0,0
AddLimit,240,0,0
AddLimit,232,0,0
AddLimit,239,0,0
AddLimit,233,0,0
AddLimit,204,0,0
AddLimit,208,0,0
AddLimit,237,0,0
AddLimit,226,0,0
AddLimit,206,0,0
AddLimit,226,0,0
AddLimit,235,0,0
AddLimit,228,0,0
AddLimit,216,0,0
AddLimit,232,0,0
AddLimit,214,0,0
AddLimit,225,0,0
AddLimit,213,0,0
AddLimit,200,0,0
AddLimit,219,0,0
AddLimit,223,0,0
AddLimit,208,0,0
AddLimit,226,0,0
AddLimit,201,0,0
AddLimit,216,0,0
AddLimit,210,0,0
AddLimit,208,0,0
AddLimit,227,0,0
AddLimit,203,0,0
AddLimit,228,0,0
AddLimit,225,0,0
AddLimit,211,0,0
AddLimit,204,0,0
AddLimit,202,0,0
AddLimit,226,0,0
AddLimit,235,0,0
AddLimit,220,0,0
AddLimit,201,0,0
AddLimit,237,0,0
AddLimit,221,0,0
AddLimit,215,0,0
AddLimit,218,0,0
AddLimit,211,0,0
AddLimit,215,0,0
AddLimit,217,0,0
AddLimit,216,0,0
AddLimit,214,0,0
AddLimit,215,0,0
AddLimit,218,0,0
AddLimit,218,0,0
AddLimit,218,0,0
AddLimit,215,0,0
AddLimit,215,0,0
AddLimit,217,0,0
AddLimit,207,0,0
AddLimit,213,0,0
AddLimit,219,0,0
AddLimit,219,0,0
AddLimit,210,0,0
AddLimit,214,0,0
AddLimit,213,0,0
AddLimit,224,0,0
AddLimit,230,0,0
AddLimit,215,0,0
AddLimit,212,0,0
AddLimit,213,0,0
AddLimit,205,0,0
AddLimit,217,0,0
AddLimit,223,0,0
AddLimit,217,0,0
AddLimit,217,0,0
AddLimit,219,0,0
AddLimit,211,0,0
AddLimit,208,0,0
AddLimit,234,0,0
AddLimit,219,0,0
AddLimit,214,0,0
AddLimit,228,0,0
AddLimit,212,0,0
AddLimit,236,0,0
AddLimit,215,0,0
AddLimit,222,0,0
AddLimit,205,0,0
AddLimit,227,0,0
AddLimit,214,0,0
AddLimit,1171,0,0
AddLimit,229,0,0
AddLimit,233,0,0
AddLimit,219,0,0
AddLimit,214,0,0
AddLimit,226,0,0
AddLimit,219,0,0
AddLimit,213,0,0
AddLimit,219,0,0
AddLimit,219,0,0
AddLimit,214,0,0
AddLimit,237,0,0
AddLimit,208,0,0
AddLimit,211,0,0
AddLimit,227,0,0
AddLimit,208,0,0
AddLimit,219,0,0
AddLimit,211,0,0
AddLimit,217,0,0
AddLimit,225,0,0
AddLimit,210,0,0
AddLimit,211,0,0
AddLimit,209,0,0
AddLimit,214,0,0
AddLimit,215,0,0
AddLimit,213,0,0
AddLimit,213,0,0
AddLimit,212,0,0
AddLimit,213,0,0
AddLimit,214,0,0
AddLimit,234,0,0
AddLimit,236,0,0
AddLimit,222,0,0
AddLimit,235,0,0
AddLimit,220,0,0
AddLimit,199,0,0
AddLimit,226,0,0
AddLimit,200,0,0
AddLimit,226,0,0
AddLimit,230,0,0
AddLimit,220,0,0
AddLimit,217,0,0
AddLimit,232,0,0
AddLimit,227,0,0
AddLimit,233,0,0
AddLimit,225,0,0
AddLimit,208,0,0
AddLimit,225,0,0
AddLimit,250,0,0
AddLimit,211,0,0
AddLimit,207,0,0
AddLimit,230,0,0
AddLimit,210,0,0
AddLimit,214,0,0
AddLimit,227,0,0
AddLimit,209,0,0
AddLimit,227,0,0
AddLimit,210,0,0
AddLimit,213,0,0
AddLimit,227,0,0
AddLimit,243,0,0
AddLimit,230,0,0
AddLimit,229,0,0
AddLimit,226,0,0
AddLimit,212,0,0
AddLimit,210,0,0
AddLimit,204,0,0
AddLimit,209,0,0
AddLimit,211,0,0
AddLimit,208,0,0
AddLimit,208,0,0
AddLimit,207,0,0
AddLimit,229,0,0
AddLimit,206,0,0
AddLimit,230,0,0
AddLimit,225,0,0
AddLimit,199,0,0
AddLimit,199,0,0
AddLimit,229,0,0
AddLimit,226,0,0
AddLimit,203,0,0
AddLimit,238,0,0
AddLimit,204,0,0
AddLimit,225,0,0
AddLimit,224,0,0
AddLimit,2311,0,0
AddLimit,220,0,0
AddLimit,212,0,0
AddLimit,201,0,0
AddLimit,208,0,0
AddLimit,237,0,0
AddLimit,248,0,0
AddLimit,236,0,0
AddLimit,218,0,0
AddLimit,217,0,0
AddLimit,252,0,0
AddLimit,209,0,0
AddLimit,222,0,0
AddLimit,205,0,0
AddLimit,243,0,0
AddLimit,233,0,0
AddLimit,210,0,0
AddLimit,224,0,0
AddLimit,199,0,0
AddLimit,225,0,0
AddLimit,240,0,0
AddLimit,217,0,0
AddLimit,238,0,0
AddLimit,218,0,0
AddLimit,232,0,0
AddLimit,232,0,0
AddLimit,222,0,0
AddLimit,211,0,0
AddLimit,233,0,0
AddLimit,216,0,0
AddLimit,243,0,0
AddLimit,214,0,0
AddLimit,212,0,0
AddLimit,232,0,0
AddLimit,210,0,0
AddLimit,232,0,0
AddLimit,229,0,0
AddLimit,215,0,0
AddLimit,207,0,0
AddLimit,214,0,0
AddLimit,226,0,0
AddLimit,215,0,0
AddLimit,216,0,0
AddLimit,217,0,0
AddLimit,203,0,0
AddLimit,231,0,0
AddLimit,225,0,0
AddLimit,231,0,0
AddLimit,207,0,0
AddLimit,215,0,0
AddLimit,216,0,0
AddLimit,218,0,0
AddLimit,214,0,0
AddLimit,210,0,0
AddLimit,229,0,0
AddLimit,210,0,0
AddLimit,213,0,0
AddLimit,213,0,0
AddLimit,227,0,0
AddLimit,210,0,0
AddLimit,213,0,0
AddLimit,219,0,0
AddLimit,215,0,0
AddLimit,215,0,0
AddLimit,209,0,0
AddLimit,236,0,0
AddLimit,212,0,0
AddLimit,213,0,0
AddLimit,218,0,0
AddLimit,214,0,0
AddLimit,213,0,0
AddLimit,217,0,0
AddLimit,233,0,0
AddLimit,231,0,0
AddLimit,244,0,0
AddLimit,221,0,0
AddLimit,219,0,0
AddLimit,211,0,0
AddLimit,218,0,0
AddLimit,222,0,0
AddLimit,215,0,0
AddLimit,255,0,0
AddLimit,229,0,0
AddLimit,222,0,0
AddLimit,220,0,0
AddLimit,1117,0,0
AddLimit,224,0,0
AddLimit,223,0,0
AddLimit,221,0,0
AddLimit,217,0,0
AddLimit,225,0,0
AddLimit,218,0,0
AddLimit,233,0,0
AddLimit,219,0,0
AddLimit,214,0,0
AddLimit,207,0,0
AddLimit,214,0,0
AddLimit,211,0,0
AddLimit,217,0,0
AddLimit,215,0,0
AddLimit,218,0,0
AddLimit,212,0,0
AddLimit,214,0,0
AddLimit,219,0,0
AddLimit,226,0,0
AddLimit,227,0,0
AddLimit,216,0,0
AddLimit,230,0,0
AddLimit,234,0,0
AddLimit,203,0,0
AddLimit,232,0,0
AddLimit,212,0,0
AddLimit,205,0,0
AddLimit,198,0,0
AddLimit,229,0,0
AddLimit,206,0,0
AddLimit,209,0,0
AddLimit,234,0,0
AddLimit,200,0,0
AddLimit,210,0,0
AddLimit,204,0,0
AddLimit,229,0,0
AddLimit,206,0,0
AddLimit,203,0,0
AddLimit,210,0,0
AddLimit,199,0,0
AddLimit,230,0,0
AddLimit,206,0,0
AddLimit,226,0,0
AddLimit,229,0,0
AddLimit,207,0,0
AddLimit,225,0,0
AddLimit,206,0,0
AddLimit,205,0,0
AddLimit,230,0,0
AddLimit,200,0,0
AddLimit,207,0,0
AddLimit,201,0,0
AddLimit,218,0,0
AddLimit,220,0,0
AddLimit,203,0,0
AddLimit,230,0,0
AddLimit,210,0,0
AddLimit,209,0,0
AddLimit,222,0,0
AddLimit,225,0,0
AddLimit,213,0,0
AddLimit,231,0,0
AddLimit,229,0,0
AddLimit,226,0,0
AddLimit,223,0,0
AddLimit,229,0,0
AddLimit,208,0,0
AddLimit,231,0,0
AddLimit,213,0,0
AddLimit,214,0,0
AddLimit,213,0,0
AddLimit,215,0,0
AddLimit,220,0,0
AddLimit,213,0,0
AddLimit,218,0,0
AddLimit,240,0,0
AddLimit,209,0,0
AddLimit,223,0,0
AddLimit,213,0,0
AddLimit,218,0,0
AddLimit,213,0,0
AddLimit,238,0,0
AddLimit,210,0,0
AddLimit,217,0,0
AddLimit,206,0,0
AddLimit,1212,0,0
AddLimit,214,0,0
AddLimit,219,0,0
AddLimit,221,0,0
AddLimit,232,0,0
AddLimit,221,0,0
AddLimit,218,0,0
AddLimit,222,0,0
AddLimit,239,0,0
AddLimit,219,0,0
AddLimit,218,0,0
AddLimit,207,0,0
AddLimit,219,0,0
AddLimit,233,0,0
AddLimit,226,0,0
AddLimit,213,0,0
AddLimit,218,0,0
AddLimit,222,0,0
AddLimit,246,0,0
AddLimit,208,0,0
AddLimit,224,0,0
AddLimit,213,0,0
AddLimit,217,0,0
AddLimit,233,0,0
AddLimit,221,0,0
AddLimit,218,0,0
AddLimit,218,0,0
AddLimit,218,0,0
AddLimit,233,0,0
AddLimit,222,0,0
AddLimit,217,0,0
AddLimit,207,0,0
AddLimit,227,0,0
AddLimit,229,0,0
AddLimit,218,0,0
AddLimit,214,0,0
AddLimit,210,0,0
AddLimit,216,0,0
AddLimit,210,0,0
AddLimit,221,0,0
AddLimit,217,0,0
AddLimit,225,0,0
AddLimit,218,0,0
AddLimit,232,0,0
AddLimit,205,0,0
AddLimit,223,0,0
AddLimit,223,0,0
AddLimit,241,0,0
AddLimit,209,0,0
AddLimit,225,0,0
AddLimit,213,0,0
AddLimit,212,0,0
AddLimit,214,0,0
AddLimit,216,0,0
AddLimit,222,0,0
AddLimit,211,0,0
AddLimit,220,0,0
AddLimit,209,0,0
AddLimit,217,0,0
AddLimit,223,0,0
AddLimit,220,0,0
AddLimit,241,0,0
AddLimit,204,0,0
AddLimit,229,0,0
AddLimit,227,0,0
AddLimit,214,0,0
AddLimit,215,0,0
AddLimit,221,0,0
AddLimit,219,0,0
AddLimit,217,0,0
AddLimit,213,0,0
AddLimit,213,0,0
AddLimit,208,0,0
AddLimit,222,0,0
AddLimit,213,0,0
AddLimit,215,0,0
AddLimit,215,0,0
AddLimit,214,0,0
AddLimit,210,0,0
AddLimit,206,0,0
AddLimit,216,0,0
AddLimit,222,0,0
AddLimit,219,0,0
AddLimit,223,0,0
AddLimit,211,0,0
AddLimit,1155,0,0
AddLimit,216,0,0
AddLimit,215,0,0
AddLimit,229,0,0
AddLimit,219,0,0
AddLimit,205,0,0
AddLimit,203,0,0
AddLimit,244,0,0
AddLimit,202,0,0
AddLimit,227,0,0
AddLimit,211,0,0
AddLimit,206,0,0
AddLimit,207,0,0
AddLimit,208,0,0
AddLimit,231,0,0
AddLimit,211,0,0
AddLimit,223,0,0
AddLimit,210,0,0
AddLimit,211,0,0
AddLimit,212,0,0
AddLimit,214,0,0
AddLimit,228,0,0
AddLimit,233,0,0
AddLimit,213,0,0
AddLimit,200,0,0
AddLimit,233,0,0
AddLimit,233,0,0
AddLimit,243,0,0
AddLimit,210,0,0
AddLimit,204,0,0
AddLimit,228,0,0
AddLimit,210,0,0
AddLimit,204,0,0
AddLimit,233,0,0
AddLimit,226,0,0
AddLimit,210,0,0
AddLimit,221,0,0
AddLimit,208,0,0
AddLimit,244,0,0
AddLimit,236,0,0
AddLimit,205,0,0
AddLimit,234,0,0
AddLimit,222,0,0
AddLimit,210,0,0
AddLimit,208,0,0
AddLimit,225,0,0
AddLimit,231,0,0
AddLimit,205,0,0
AddLimit,210,0,0
AddLimit,228,0,0
AddLimit,228,0,0
AddLimit,233,0,0
AddLimit,216,0,0
AddLimit,215,0,0
AddLimit,216,0,0
AddLimit,217,0,0
AddLimit,235,0,0
AddLimit,222,0,0
AddLimit,227,0,0
AddLimit,223,0,0
AddLimit,225,0,0
AddLimit,212,0,0
AddLimit,215,0,0
AddLimit,219,0,0
AddLimit,212,0,0
AddLimit,236,0,0
AddLimit,235,0,0
AddLimit,217,0,0
AddLimit,202,0,0
AddLimit,234,0,0
AddLimit,214,0,0
AddLimit,217,0,0
AddLimit,216,0,0
AddLimit,215,0,0
AddLimit,220,0,0
AddLimit,218,0,0
AddLimit,211,0,0
AddLimit,211,0,0
AddLimit,227,0,0
AddLimit,204,0,0
AddLimit,205,0,0
AddLimit,236,0,0
AddLimit,206,0,0
AddLimit,205,0,0
AddLimit,231,0,0
AddLimit,1198,0,0
AddLimit,222,0,0
AddLimit,215,0,0
AddLimit,230,0,0
AddLimit,233,0,0
AddLimit,229,0,0
AddLimit,216,0,0
AddLimit,218,0,0
AddLimit,220,0,0
AddLimit,223,0,0
AddLimit,241,0,0
AddLimit,218,0,0
AddLimit,240,0,0
AddLimit,208,0,0
AddLimit,215,0,0
AddLimit,212,0,0
AddLimit,200,0,0
AddLimit,223,0,0
AddLimit,201,0,0
AddLimit,199,0,0
AddLimit,203,0,0
AddLimit,204,0,0
AddLimit,228,0,0
AddLimit,236,0,0
AddLimit,209,0,0
AddLimit,204,0,0
AddLimit,208,0,0
AddLimit,235,0,0
AddLimit,243,0,0
AddLimit,230,0,0
AddLimit,205,0,0
AddLimit,223,0,0
AddLimit,229,0,0
AddLimit,230,0,0
AddLimit,220,0,0
AddLimit,204,0,0
AddLimit,224,0,0
AddLimit,227,0,0
AddLimit,223,0,0
AddLimit,207,0,0
AddLimit,216,0,0
AddLimit,234,0,0
AddLimit,242,0,0
AddLimit,216,0,0
AddLimit,219,0,0
AddLimit,215,0,0
AddLimit,217,0,0
AddLimit,217,0,0
AddLimit,211,0,0
AddLimit,214,0,0
AddLimit,215,0,0
AddLimit,216,0,0
AddLimit,220,0,0
AddLimit,211,0,0
AddLimit,210,0,0
AddLimit,216,0,0
AddLimit,251,0,0
AddLimit,210,0,0
AddLimit,208,0,0
AddLimit,218,0,0
AddLimit,216,0,0
AddLimit,224,0,0
AddLimit,219,0,0
AddLimit,223,0,0
AddLimit,216,0,0
AddLimit,216,0,0
AddLimit,217,0,0
AddLimit,233,0,0
AddLimit,213,0,0
AddLimit,205,0,0
AddLimit,209,0,0
AddLimit,212,0,0
AddLimit,234,0,0
AddLimit,219,0,0
AddLimit,221,0,0
AddLimit,226,0,0
AddLimit,217,0,0
AddLimit,214,0,0
AddLimit,213,0,0
AddLimit,232,0,0
AddLimit,214,0,0
AddLimit,212,0,0
AddLimit,226,0,0
AddLimit,212,0,0
AddLimit,207,0,0
AddLimit,207,0,0
AddLimit,1227,0,0
AddLimit,241,0,0
AddLimit,213,0,0
AddLimit,205,0,0
AddLimit,232,0,0
AddLimit,228,0,0
AddLimit,212,0,0
AddLimit,204,0,0
AddLimit,226,0,0
AddLimit,209,0,0
AddLimit,210,0,0
AddLimit,237,0,0
AddLimit,206,0,0
AddLimit,228,0,0
AddLimit,223,0,0
AddLimit,216,0,0
AddLimit,215,0,0
AddLimit,213,0,0
AddLimit,210,0,0
AddLimit,214,0,0
AddLimit,217,0,0
AddLimit,212,0,0
AddLimit,219,0,0
AddLimit,215,0,0
AddLimit,231,0,0
AddLimit,238,0,0
AddLimit,218,0,0
AddLimit,235,0,0
AddLimit,215,0,0
AddLimit,242,0,0
AddLimit,211,0,0
AddLimit,209,0,0
AddLimit,213,0,0
AddLimit,227,0,0
AddLimit,212,0,0
AddLimit,208,0,0
AddLimit,214,0,0
AddLimit,220,0,0
AddLimit,216,0,0
AddLimit,219,0,0
AddLimit,226,0,0
AddLimit,224,0,0
AddLimit,235,0,0
AddLimit,213,0,0
AddLimit,212,0,0
AddLimit,207,0,0
AddLimit,227,0,0
AddLimit,215,0,0
AddLimit,200,0,0
AddLimit,209,0,0
AddLimit,206,0,0
AddLimit,228,0,0
AddLimit,241,0,0
AddLimit,210,0,0
AddLimit,203,0,0
AddLimit,204,0,0
AddLimit,226,0,0
AddLimit,212,0,0
AddLimit,201,0,0
AddLimit,209,0,0
AddLimit,210,0,0
AddLimit,224,0,0
AddLimit,230,0,0
AddLimit,227,0,0
AddLimit,225,0,0
AddLimit,227,0,0
AddLimit,223,0,0
AddLimit,210,0,0
AddLimit,215,0,0
AddLimit,209,0,0
AddLimit,204,0,0
AddLimit,221,0,0
AddLimit,248,0,0
AddLimit,223,0,0
AddLimit,232,0,0
AddLimit,225,0,0
AddLimit,212,0,0
AddLimit,257,0,0
AddLimit,227,0,0
AddLimit,229,0,0
AddLimit,221,0,0
AddLimit,219,0,0
AddLimit,207,0,0
AddLimit,217,0,0
AddLimit,213,0,0
AddLimit,1181,0,0
AddLimit,224,0,0
AddLimit,238,0,0
AddLimit,239,0,0
AddLimit,230,0,0
AddLimit,210,0,0
AddLimit,206,0,0
AddLimit,206,0,0
AddLimit,245,0,0
AddLimit,220,0,0
AddLimit,244,0,0
AddLimit,222,0,0
AddLimit,237,0,0
AddLimit,226,0,0
AddLimit,216,0,0
AddLimit,200,0,0
AddLimit,226,0,0
AddLimit,263,0,0
AddLimit,227,0,0
AddLimit,209,0,0
AddLimit,206,0,0
AddLimit,213,0,0
AddLimit,208,0,0
AddLimit,223,0,0
AddLimit,231,0,0
AddLimit,225,0,0
AddLimit,212,0,0
AddLimit,213,0,0
AddLimit,203,0,0
AddLimit,206,0,0
AddLimit,219,0,0
AddLimit,228,0,0
AddLimit,229,0,0
AddLimit,235,0,0
AddLimit,212,0,0
AddLimit,202,0,0
AddLimit,235,0,0
AddLimit,204,0,0
AddLimit,224,0,0
AddLimit,218,0,0
AddLimit,221,0,0
AddLimit,235,0,0
AddLimit,225,0,0
AddLimit,225,0,0
AddLimit,235,0,0
AddLimit,219,0,0
AddLimit,225,0,0
AddLimit,211,0,0
AddLimit,201,0,0
AddLimit,231,0,0
AddLimit,224,0,0
AddLimit,215,0,0
AddLimit,199,0,0
AddLimit,204,0,0
AddLimit,207,0,0
AddLimit,202,0,0
AddLimit,206,0,0
AddLimit,219,0,0
AddLimit,211,0,0
AddLimit,226,0,0
AddLimit,196,0,0
AddLimit,228,0,0
AddLimit,207,0,0
AddLimit,198,0,0
AddLimit,195,0,0
AddLimit,202,0,0
AddLimit,222,0,0
AddLimit,199,0,0
AddLimit,208,0,0
AddLimit,228,0,0
AddLimit,211,0,0
AddLimit,200,0,0
AddLimit,211,0,0
AddLimit,237,0,0
AddLimit,222,0,0
AddLimit,196,0,0
AddLimit,196,0,0
AddLimit,221,0,0
AddLimit,226,0,0
AddLimit,203,0,0
AddLimit,202,0,0
AddLimit,192,0,0
AddLimit,224,0,0
AddLimit,216,0,0
AddLimit,233,0,0
AddLimit,1139,0,0
AddLimit,240,0,0
AddLimit,234,0,0
AddLimit,224,0,0
AddLimit,219,0,0
AddLimit,243,0,0
AddLimit,213,0,0
AddLimit,195,0,0
AddLimit,196,0,0
AddLimit,199,0,0
AddLimit,222,0,0
AddLimit,208,0,0
AddLimit,217,0,0
AddLimit,216,0,0
AddLimit,232,0,0
AddLimit,219,0,0
AddLimit,209,0,0
AddLimit,244,0,0
AddLimit,218,0,0
AddLimit,222,0,0
AddLimit,215,0,0
AddLimit,209,0,0
AddLimit,223,0,0
AddLimit,206,0,0
AddLimit,218,0,0
AddLimit,204,0,0
AddLimit,219,0,0
AddLimit,214,0,0
AddLimit,211,0,0
AddLimit,216,0,0
AddLimit,213,0,0
AddLimit,223,0,0
AddLimit,210,0,0
AddLimit,211,0,0
AddLimit,205,0,0
AddLimit,220,0,0
AddLimit,225,0,0
AddLimit,212,0,0
AddLimit,223,0,0
AddLimit,212,0,0
AddLimit,207,0,0
AddLimit,205,0,0
AddLimit,209,0,0
AddLimit,206,0,0
AddLimit,232,0,0
AddLimit,216,0,0
AddLimit,204,0,0
AddLimit,212,0,0
AddLimit,212,0,0
AddLimit,226,0,0
AddLimit,208,0,0
AddLimit,203,0,0
AddLimit,210,0,0
AddLimit,198,0,0
AddLimit,223,0,0
AddLimit,222,0,0
AddLimit,226,0,0
AddLimit,214,0,0
AddLimit,200,0,0
AddLimit,205,0,0
AddLimit,221,0,0
AddLimit,218,0,0
AddLimit,226,0,0
AddLimit,213,0,0
AddLimit,207,0,0
AddLimit,216,0,0
AddLimit,211,0,0
AddLimit,204,0,0
AddLimit,226,0,0
AddLimit,221,0,0
AddLimit,207,0,0
AddLimit,208,0,0
AddLimit,208,0,0
AddLimit,221,0,0
AddLimit,209,0,0
AddLimit,209,0,0
AddLimit,218,0,0
AddLimit,214,0,0
AddLimit,206,0,0
AddLimit,231,0,0
AddLimit,218,0,0
AddLimit,227,0,0
AddLimit,207,0,0
AddLimit,222,0,0
AddLimit,272,0,0
AddLimit,231,0,0
AddLimit,1231,0,0
AddLimit,230,0,0
AddLimit,220,0,0
AddLimit,222,0,0
AddLimit,231,0,0
AddLimit,214,0,0
AddLimit,229,0,0
AddLimit,205,0,0
AddLimit,211,0,0
AddLimit,214,0,0
AddLimit,208,0,0
AddLimit,212,0,0
AddLimit,225,0,0
AddLimit,220,0,0
AddLimit,221,0,0
AddLimit,209,0,0
AddLimit,208,0,0
AddLimit,223,0,0
AddLimit,213,0,0
AddLimit,208,0,0
AddLimit,236,0,0
AddLimit,210,0,0
AddLimit,207,0,0
AddLimit,204,0,0
AddLimit,215,0,0
AddLimit,212,0,0
AddLimit,213,0,0
AddLimit,214,0,0
AddLimit,216,0,0
AddLimit,219,0,0
AddLimit,211,0,0
AddLimit,201,0,0
AddLimit,223,0,0
AddLimit,206,0,0
AddLimit,208,0,0
AddLimit,221,0,0
AddLimit,228,0,0
AddLimit,244,0,0
AddLimit,217,0,0
AddLimit,210,0,0
AddLimit,233,0,0
AddLimit,204,0,0
AddLimit,214,0,0
AddLimit,243,0,0
AddLimit,232,0,0
AddLimit,219,0,0
AddLimit,216,0,0
AddLimit,209,0,0
AddLimit,213,0,0
AddLimit,231,0,0
AddLimit,226,0,0
AddLimit,223,0,0
AddLimit,217,0,0
AddLimit,218,0,0
AddLimit,203,0,0
AddLimit,205,0,0
AddLimit,244,0,0
AddLimit,226,0,0
AddLimit,218,0,0
AddLimit,208,0,0
AddLimit,216,0,0
AddLimit,199,0,0
AddLimit,211,0,0
AddLimit,199,0,0
AddLimit,201,0,0
AddLimit,210,0,0
AddLimit,211,0,0
AddLimit,235,0,0
AddLimit,222,0,0
AddLimit,197,0,0
AddLimit,227,0,0
AddLimit,226,0,0
AddLimit,220,0,0
AddLimit,220,0,0
AddLimit,209,0,0
AddLimit,218,0,0
AddLimit,220,0,0
AddLimit,216,0,0
AddLimit,216,0,0
AddLimit,221,0,0
AddLimit,220,0,0
AddLimit,215,0,0
AddLimit,206,0,0
AddLimit,220,0,0
AddLimit,231,0,0
AddLimit,2227,0,0
AddLimit,246,0,0
AddLimit,232,0,0
AddLimit,220,0,0
AddLimit,225,0,0
AddLimit,219,0,0
AddLimit,215,0,0
AddLimit,216,0,0
AddLimit,213,0,0
AddLimit,214,0,0
AddLimit,221,0,0
AddLimit,219,0,0
AddLimit,217,0,0
AddLimit,219,0,0
AddLimit,221,0,0
AddLimit,217,0,0
AddLimit,212,0,0
AddLimit,230,0,0
AddLimit,216,0,0
AddLimit,237,0,0
AddLimit,229,0,0
AddLimit,217,0,0
AddLimit,203,0,0
AddLimit,222,0,0
AddLimit,214,0,0
AddLimit,218,0,0
AddLimit,224,0,0
AddLimit,235,0,0
AddLimit,206,0,0
AddLimit,246,0,0
AddLimit,219,0,0
AddLimit,208,0,0
AddLimit,228,0,0
AddLimit,201,0,0
AddLimit,208,0,0
AddLimit,226,0,0
AddLimit,193,0,0
AddLimit,222,0,0
AddLimit,198,0,0
AddLimit,220,0,0
AddLimit,217,0,0
AddLimit,203,0,0
AddLimit,216,0,0
AddLimit,219,0,0
AddLimit,213,0,0
AddLimit,218,0,0
AddLimit,225,0,0
AddLimit,217,0,0
AddLimit,208,0,0
AddLimit,214,0,0
AddLimit,208,0,0
AddLimit,204,0,0
AddLimit,216,0,0
AddLimit,213,0,0
AddLimit,207,0,0
AddLimit,221,0,0
AddLimit,215,0,0
AddLimit,211,0,0
AddLimit,221,0,0
AddLimit,210,0,0
AddLimit,216,0,0
AddLimit,215,0,0
AddLimit,209,0,0
AddLimit,238,0,0
AddLimit,220,0,0
AddLimit,216,0,0
AddLimit,229,0,0
AddLimit,216,0,0
AddLimit,217,0,0
AddLimit,205,0,0
AddLimit,207,0,0
AddLimit,205,0,0
AddLimit,212,0,0
AddLimit,209,0,0
AddLimit,222,0,0
AddLimit,206,0,0
AddLimit,227,0,0
AddLimit,201,0,0
AddLimit,205,0,0
AddLimit,228,0,0
AddLimit,211,0,0
AddLimit,207,0,0
AddLimit,203,0,0
AddLimit,218,0,0
AddLimit,220,0,0
AddLimit,1164,0,0
AddLimit,233,0,0
AddLimit,246,0,0
AddLimit,217,0,0
AddLimit,230,0,0
AddLimit,218,0,0
AddLimit,202,0,0
AddLimit,241,0,0
AddLimit,203,0,0
AddLimit,216,0,0
AddLimit,210,0,0
AddLimit,199,0,0
AddLimit,200,0,0
AddLimit,208,0,0
AddLimit,198,0,0
AddLimit,225,0,0
AddLimit,210,0,0
AddLimit,218,0,0
AddLimit,199,0,0
AddLimit,210,0,0
AddLimit,208,0,0
AddLimit,219,0,0
AddLimit,222,0,0
AddLimit,229,0,0
AddLimit,222,0,0
AddLimit,197,0,0
AddLimit,218,0,0
AddLimit,198,0,0
AddLimit,220,0,0
AddLimit,221,0,0
AddLimit,229,0,0
AddLimit,207,0,0
AddLimit,200,0,0
AddLimit,215,0,0
AddLimit,226,0,0
AddLimit,234,0,0
AddLimit,205,0,0
AddLimit,212,0,0
AddLimit,216,0,0
AddLimit,215,0,0
AddLimit,203,0,0
AddLimit,227,0,0
AddLimit,212,0,0
AddLimit,217,0,0
AddLimit,214,0,0
AddLimit,210,0,0
AddLimit,223,0,0
AddLimit,210,0,0
AddLimit,212,0,0
AddLimit,227,0,0
AddLimit,215,0,0
AddLimit,210,0,0
AddLimit,218,0,0
AddLimit,209,0,0
AddLimit,195,0,0
AddLimit,219,0,0
AddLimit,204,0,0
AddLimit,216,0,0
AddLimit,218,0,0
AddLimit,212,0,0
AddLimit,221,0,0
AddLimit,216,0,0
AddLimit,203,0,0
AddLimit,220,0,0
AddLimit,199,0,0
AddLimit,220,0,0
AddLimit,203,0,0
AddLimit,217,0,0
AddLimit,212,0,0
AddLimit,221,0,0
AddLimit,201,0,0
AddLimit,196,0,0
AddLimit,197,0,0
AddLimit,196,0,0
AddLimit,199,0,0
AddLimit,196,0,0
AddLimit,206,0,0
AddLimit,251,0,0
AddLimit,221,0,0
AddLimit,218,0,0
AddLimit,197,0,0
AddLimit,221,0,0
AddLimit,216,0,0
AddLimit,206,0,0
AddLimit,211,0,0
AddLimit,202,0,0
AddLimit,2266,0,0
AddLimit,233,0,0
AddLimit,227,0,0
AddLimit,229,0,0
AddLimit,218,0,0
AddLimit,219,0,0
AddLimit,231,0,0
AddLimit,222,0,0
AddLimit,206,0,0
AddLimit,227,0,0
AddLimit,212,0,0
AddLimit,208,0,0
AddLimit,220,0,0
AddLimit,229,0,0
AddLimit,212,0,0
AddLimit,204,0,0
AddLimit,227,0,0
AddLimit,248,0,0
AddLimit,231,0,0
AddLimit,219,0,0
AddLimit,201,0,0
AddLimit,231,0,0
AddLimit,212,0,0
AddLimit,222,0,0
AddLimit,241,0,0
AddLimit,213,0,0
AddLimit,201,0,0
AddLimit,208,0,0
AddLimit,213,0,0
AddLimit,216,0,0
AddLimit,220,0,0
AddLimit,217,0,0
AddLimit,228,0,0
AddLimit,222,0,0
AddLimit,223,0,0
AddLimit,232,0,0
AddLimit,215,0,0
AddLimit,226,0,0
AddLimit,213,0,0
AddLimit,217,0,0
AddLimit,222,0,0
AddLimit,223,0,0
AddLimit,215,0,0
AddLimit,202,0,0
AddLimit,205,0,0
AddLimit,221,0,0
AddLimit,235,0,0
AddLimit,216,0,0
AddLimit,222,0,0
AddLimit,221,0,0
AddLimit,213,0,0
AddLimit,208,0,0
AddLimit,216,0,0
AddLimit,213,0,0
AddLimit,215,0,0
AddLimit,207,0,0
AddLimit,212,0,0
AddLimit,212,0,0
AddLimit,211,0,0
AddLimit,237,0,0
AddLimit,225,0,0
AddLimit,216,0,0
AddLimit,234,0,0
AddLimit,215,0,0
AddLimit,210,0,0
AddLimit,205,0,0
AddLimit,212,0,0
AddLimit,228,0,0
AddLimit,206,0,0
AddLimit,214,0,0
AddLimit,203,0,0
AddLimit,211,0,0
AddLimit,209,0,0
AddLimit,206,0,0
AddLimit,218,0,0
AddLimit,202,0,0
AddLimit,209,0,0
AddLimit,212,0,0
AddLimit,209,0,0
AddLimit,229,0,0
AddLimit,220,0,0
AddLimit,213,0,0
AddLimit,217,0,0
AddLimit,203,0,0
AddLimit,227,0,0
AddLimit,1140,0,0
AddLimit,214,0,0
AddLimit,212,0,0
AddLimit,203,0,0
AddLimit,227,0,0
AddLimit,203,0,0
AddLimit,226,0,0
AddLimit,249,0,0
AddLimit,221,0,0
AddLimit,199,0,0
AddLimit,244,0,0
AddLimit,248,0,0
AddLimit,232,0,0
AddLimit,232,0,0
AddLimit,211,0,0
AddLimit,200,0,0
AddLimit,200,0,0
AddLimit,233,0,0
AddLimit,221,0,0
AddLimit,200,0,0
AddLimit,222,0,0
AddLimit,234,0,0
AddLimit,200,0,0
AddLimit,215,0,0
AddLimit,220,0,0
AddLimit,222,0,0
AddLimit,251,0,0
AddLimit,223,0,0
AddLimit,199,0,0
AddLimit,198,0,0
AddLimit,213,0,0
AddLimit,223,0,0
AddLimit,219,0,0
AddLimit,237,0,0
AddLimit,203,0,0
AddLimit,197,0,0
AddLimit,200,0,0
AddLimit,199,0,0
AddLimit,213,0,0
AddLimit,224,0,0
AddLimit,201,0,0
AddLimit,220,0,0
AddLimit,219,0,0
AddLimit,201,0,0
AddLimit,227,0,0
AddLimit,197,0,0
AddLimit,209,0,0
AddLimit,222,0,0
AddLimit,213,0,0
AddLimit,237,0,0
AddLimit,219,0,0
AddLimit,226,0,0
AddLimit,210,0,0
AddLimit,219,0,0
AddLimit,199,0,0
AddLimit,234,0,0
AddLimit,202,0,0
AddLimit,236,0,0
AddLimit,212,0,0
AddLimit,212,0,0
AddLimit,212,0,0
AddLimit,193,0,0
AddLimit,197,0,0
AddLimit,192,0,0
AddLimit,203,0,0
AddLimit,237,0,0
AddLimit,227,0,0
AddLimit,219,0,0
AddLimit,202,0,0
AddLimit,199,0,0
AddLimit,208,0,0
AddLimit,236,0,0
AddLimit,210,0,0
AddLimit,202,0,0
AddLimit,218,0,0
AddLimit,220,0,0
AddLimit,201,0,0
AddLimit,228,0,0
AddLimit,245,0,0
AddLimit,233,0,0
AddLimit,225,0,0
AddLimit,226,0,0
AddLimit,213,0,0
AddLimit,224,0,0
AddLimit,204,0,0
AddLimit,1154,0,0
AddLimit,237,0,0
AddLimit,218,0,0
AddLimit,207,0,0
AddLimit,211,0,0
AddLimit,217,0,0
AddLimit,246,0,0
AddLimit,202,0,0
AddLimit,191,0,0
AddLimit,227,0,0
AddLimit,221,0,0
AddLimit,231,0,0
AddLimit,194,0,0
AddLimit,225,0,0
AddLimit,242,0,0
AddLimit,198,0,0
AddLimit,197,0,0
AddLimit,225,0,0
AddLimit,225,0,0
AddLimit,241,0,0
AddLimit,208,0,0
AddLimit,209,0,0
AddLimit,223,0,0
AddLimit,211,0,0
AddLimit,211,0,0
AddLimit,216,0,0
AddLimit,206,0,0
AddLimit,209,0,0
AddLimit,208,0,0
AddLimit,209,0,0
AddLimit,218,0,0
AddLimit,209,0,0
AddLimit,236,0,0
AddLimit,237,0,0
AddLimit,211,0,0
AddLimit,197,0,0
AddLimit,200,0,0
AddLimit,225,0,0
AddLimit,219,0,0
AddLimit,226,0,0
AddLimit,208,0,0
AddLimit,222,0,0
AddLimit,217,0,0
AddLimit,199,0,0
AddLimit,202,0,0
AddLimit,222,0,0
AddLimit,209,0,0
AddLimit,219,0,0
AddLimit,217,0,0
AddLimit,207,0,0
AddLimit,221,0,0
AddLimit,208,0,0
AddLimit,227,0,0
AddLimit,203,0,0
AddLimit,210,0,0
AddLimit,213,0,0
AddLimit,211,0,0
AddLimit,205,0,0
AddLimit,225,0,0
AddLimit,222,0,0
AddLimit,219,0,0
AddLimit,215,0,0
AddLimit,210,0,0
AddLimit,223,0,0
AddLimit,208,0,0
AddLimit,226,0,0
AddLimit,207,0,0
AddLimit,214,0,0
AddLimit,216,0,0
AddLimit,213,0,0
AddLimit,223,0,0
AddLimit,216,0,0
AddLimit,210,0,0
AddLimit,225,0,0
AddLimit,209,0,0
AddLimit,198,0,0
AddLimit,203,0,0
AddLimit,223,0,0
AddLimit,222,0,0
AddLimit,202,0,0
AddLimit,204,0,0
AddLimit,203,0,0
AddLimit,227,0,0
AddLimit,197,0,0
AddLimit,223,0,0
AddLimit,196,0,0
AddLimit,1239,0,0
AddLimit,212,0,0
AddLimit,219,0,0
AddLimit,213,0,0
AddLimit,201,0,0
AddLimit,243,0,0
AddLimit,217,0,0
AddLimit,225,0,0
AddLimit,222,0,0
AddLimit,201,0,0
AddLimit,224,0,0
AddLimit,215,0,0
AddLimit,229,0,0
AddLimit,210,0,0
AddLimit,207,0,0
AddLimit,198,0,0
AddLimit,210,0,0
AddLimit,218,0,0
AddLimit,223,0,0
AddLimit,219,0,0
AddLimit,222,0,0
AddLimit,201,0,0
AddLimit,214,0,0
AddLimit,219,0,0
AddLimit,210,0,0
AddLimit,223,0,0
AddLimit,220,0,0
AddLimit,214,0,0
AddLimit,221,0,0
AddLimit,207,0,0
AddLimit,217,0,0
AddLimit,227,0,0
AddLimit,213,0,0
AddLimit,212,0,0
AddLimit,221,0,0
AddLimit,200,0,0
AddLimit,204,0,0
AddLimit,201,0,0
AddLimit,214,0,0
AddLimit,200,0,0
AddLimit,229,0,0
AddLimit,219,0,0
AddLimit,218,0,0
AddLimit,205,0,0
AddLimit,222,0,0
AddLimit,219,0,0
AddLimit,203,0,0
AddLimit,206,0,0
AddLimit,225,0,0
AddLimit,217,0,0
AddLimit,216,0,0
AddLimit,201,0,0
AddLimit,199,0,0
AddLimit,207,0,0
AddLimit,215,0,0
AddLimit,223,0,0
AddLimit,212,0,0
AddLimit,213,0,0
AddLimit,197,0,0
AddLimit,205,0,0
AddLimit,236,0,0
AddLimit,204,0,0
AddLimit,223,0,0
AddLimit,198,0,0
AddLimit,195,0,0
AddLimit,217,0,0
AddLimit,229,0,0
AddLimit,204,0,0
AddLimit,205,0,0
AddLimit,220,0,0
AddLimit,203,0,0
AddLimit,195,0,0
AddLimit,225,0,0
AddLimit,220,0,0
AddLimit,205,0,0
AddLimit,225,0,0
AddLimit,235,0,0
AddLimit,197,0,0
AddLimit,215,0,0
AddLimit,223,0,0
AddLimit,253,0,0
AddLimit,221,0,0
AddLimit,229,0,0
AddLimit,215,0,0
AddLimit,211,0,0
AddLimit,1116,0,0
AddLimit,209,0,0
AddLimit,240,0,0
AddLimit,234,0,0
AddLimit,215,0,0
AddLimit,221,0,0
AddLimit,213,0,0
AddLimit,249,0,0
AddLimit,217,0,0
AddLimit,240,0,0
AddLimit,207,0,0
AddLimit,195,0,0
AddLimit,235,0,0
AddLimit,214,0,0
AddLimit,215,0,0
AddLimit,212,0,0
AddLimit,194,0,0
AddLimit,237,0,0
AddLimit,195,0,0
AddLimit,200,0,0
AddLimit,223,0,0
AddLimit,219,0,0
AddLimit,212,0,0
AddLimit,215,0,0
AddLimit,222,0,0
AddLimit,214,0,0
AddLimit,219,0,0
AddLimit,212,0,0
AddLimit,209,0,0
AddLimit,222,0,0
AddLimit,204,0,0
AddLimit,202,0,0
AddLimit,225,0,0
AddLimit,222,0,0
AddLimit,203,0,0
AddLimit,203,0,0
AddLimit,232,0,0
AddLimit,200,0,0
AddLimit,229,0,0
AddLimit,220,0,0
AddLimit,241,0,0
AddLimit,218,0,0
AddLimit,194,0,0
AddLimit,216,0,0
AddLimit,206,0,0
AddLimit,204,0,0
AddLimit,203,0,0
AddLimit,210,0,0
AddLimit,252,0,0
AddLimit,220,0,0
AddLimit,222,0,0
AddLimit,222,0,0
AddLimit,212,0,0
AddLimit,199,0,0
AddLimit,197,0,0
AddLimit,195,0,0
AddLimit,203,0,0
AddLimit,233,0,0
AddLimit,206,0,0
AddLimit,219,0,0
AddLimit,217,0,0
AddLimit,246,0,0
AddLimit,199,0,0
AddLimit,212,0,0
AddLimit,213,0,0
AddLimit,221,0,0
AddLimit,210,0,0
AddLimit,219,0,0
AddLimit,223,0,0
AddLimit,210,0,0
AddLimit,219,0,0
AddLimit,218,0,0
AddLimit,221,0,0
AddLimit,214,0,0
AddLimit,209,0,0
AddLimit,195,0,0
AddLimit,226,0,0
AddLimit,219,0,0
AddLimit,208,0,0
AddLimit,207,0,0
AddLimit,211,0,0
AddLimit,217,0,0
AddLimit,208,0,0
AddLimit,209,0,0
AddLimit,209,0,0
AddLimit,1149,0,0
AddLimit,221,0,0
AddLimit,234,0,0
AddLimit,219,0,0
AddLimit,224,0,0
AddLimit,237,0,0
AddLimit,218,0,0
AddLimit,205,0,0
AddLimit,224,0,0
AddLimit,223,0,0
AddLimit,220,0,0
AddLimit,217,0,0
AddLimit,212,0,0
AddLimit,210,0,0
AddLimit,215,0,0
AddLimit,215,0,0
AddLimit,209,0,0
AddLimit,213,0,0
AddLimit,214,0,0
AddLimit,206,0,0
AddLimit,222,0,0
AddLimit,214,0,0
AddLimit,212,0,0
AddLimit,220,0,0
AddLimit,214,0,0
AddLimit,206,0,0
AddLimit,213,0,0
AddLimit,211,0,0
AddLimit,206,0,0
AddLimit,212,0,0
AddLimit,206,0,0
AddLimit,212,0,0
AddLimit,214,0,0
AddLimit,206,0,0
AddLimit,216,0,0
AddLimit,207,0,0
AddLimit,250,0,0
AddLimit,206,0,0
AddLimit,215,0,0
AddLimit,210,0,0
AddLimit,213,0,0
AddLimit,200,0,0
AddLimit,204,0,0
AddLimit,202,0,0
AddLimit,206,0,0
AddLimit,244,0,0
AddLimit,217,0,0
AddLimit,223,0,0
AddLimit,209,0,0
AddLimit,205,0,0
AddLimit,216,0,0
AddLimit,199,0,0
AddLimit,219,0,0
AddLimit,198,0,0
AddLimit,201,0,0
AddLimit,199,0,0
AddLimit,234,0,0
AddLimit,203,0,0
AddLimit,199,0,0
AddLimit,232,0,0
AddLimit,204,0,0
AddLimit,227,0,0
AddLimit,222,0,0
AddLimit,213,0,0
AddLimit,243,0,0
AddLimit,214,0,0
AddLimit,203,0,0
AddLimit,223,0,0
AddLimit,220,0,0
AddLimit,219,0,0
AddLimit,216,0,0
AddLimit,236,0,0
AddLimit,212,0,0
AddLimit,214,0,0
AddLimit,213,0,0
AddLimit,201,0,0
AddLimit,207,0,0
AddLimit,208,0,0
AddLimit,212,0,0
AddLimit,217,0,0
AddLimit,232,0,0
AddLimit,219,0,0
AddLimit,216,0,0
AddLimit,216,0,0
AddLimit,204,0,0
AddLimit,228,0,0
AddLimit,1277,0,0
AddLimit,236,0,0
AddLimit,228,0,0
AddLimit,214,0,0
AddLimit,209,0,0
AddLimit,211,0,0
AddLimit,210,0,0
AddLimit,224,0,0
AddLimit,219,0,0
AddLimit,213,0,0
AddLimit,226,0,0
AddLimit,225,0,0
AddLimit,211,0,0
AddLimit,232,0,0
AddLimit,204,0,0
AddLimit,214,0,0
AddLimit,207,0,0
AddLimit,216,0,0
AddLimit,215,0,0
AddLimit,212,0,0
AddLimit,207,0,0
AddLimit,206,0,0
AddLimit,221,0,0
AddLimit,214,0,0
AddLimit,241,0,0
AddLimit,242,0,0
AddLimit,205,0,0
AddLimit,212,0,0
AddLimit,216,0,0
AddLimit,213,0,0
AddLimit,211,0,0
AddLimit,217,0,0
AddLimit,210,0,0
AddLimit,211,0,0
AddLimit,219,0,0
AddLimit,214,0,0
AddLimit,220,0,0
AddLimit,199,0,0
AddLimit,202,0,0
AddLimit,247,0,0
AddLimit,201,0,0
AddLimit,204,0,0
AddLimit,221,0,0
AddLimit,235,0,0
AddLimit,224,0,0
AddLimit,206,0,0
AddLimit,200,0,0
AddLimit,217,0,0
AddLimit,207,0,0
AddLimit,205,0,0
AddLimit,206,0,0
AddLimit,237,0,0
AddLimit,220,0,0
AddLimit,225,0,0
AddLimit,205,0,0
AddLimit,205,0,0
AddLimit,210,0,0
AddLimit,251,0,0
AddLimit,205,0,0
AddLimit,201,0,0
AddLimit,224,0,0
AddLimit,221,0,0
AddLimit,205,0,0
AddLimit,233,0,0
AddLimit,197,0,0
AddLimit,256,0,0
AddLimit,223,0,0
AddLimit,208,0,0
AddLimit,232,0,0
AddLimit,226,0,0
AddLimit,223,0,0
AddLimit,224,0,0
AddLimit,225,0,0
AddLimit,214,0,0
AddLimit,228,0,0
AddLimit,207,0,0
AddLimit,222,0,0
AddLimit,217,0,0
AddLimit,224,0,0
AddLimit,205,0,0
AddLimit,218,0,0
AddLimit,210,0,0
AddLimit,207,0,0
AddLimit,222,0,0
AddLimit,241,0,0
AddLimit,1206,0,0
AddLimit,250,0,0
AddLimit,226,0,0
AddLimit,214,0,0
AddLimit,209,0,0
AddLimit,209,0,0
AddLimit,212,0,0
AddLimit,227,0,0
AddLimit,228,0,0
AddLimit,234,0,0
AddLimit,233,0,0
AddLimit,233,0,0
AddLimit,201,0,0
AddLimit,203,0,0
AddLimit,199,0,0
AddLimit,223,0,0
AddLimit,199,0,0
AddLimit,224,0,0
AddLimit,203,0,0
AddLimit,230,0,0
AddLimit,211,0,0
AddLimit,228,0,0
AddLimit,227,0,0
AddLimit,214,0,0
AddLimit,206,0,0
AddLimit,225,0,0
AddLimit,203,0,0
AddLimit,235,0,0
AddLimit,207,0,0
AddLimit,207,0,0
AddLimit,224,0,0
AddLimit,199,0,0
AddLimit,201,0,0
AddLimit,222,0,0
AddLimit,207,0,0
AddLimit,246,0,0
AddLimit,223,0,0
AddLimit,238,0,0
AddLimit,241,0,0
AddLimit,208,0,0
AddLimit,217,0,0
AddLimit,215,0,0
AddLimit,211,0,0
AddLimit,259,0,0
AddLimit,219,0,0
AddLimit,232,0,0
AddLimit,209,0,0
AddLimit,201,0,0
AddLimit,258,0,0
AddLimit,208,0,0
AddLimit,201,0,0
AddLimit,218,0,0
AddLimit,213,0,0
AddLimit,239,0,0
AddLimit,220,0,0
AddLimit,223,0,0
AddLimit,225,0,0
AddLimit,229,0,0
AddLimit,203,0,0
AddLimit,204,0,0
AddLimit,203,0,0
AddLimit,204,0,0
AddLimit,239,0,0
AddLimit,195,0,0
AddLimit,223,0,0
AddLimit,221,0,0
AddLimit,216,0,0
AddLimit,212,0,0
AddLimit,221,0,0
AddLimit,199,0,0
AddLimit,194,0,0
AddLimit,200,0,0
AddLimit,207,0,0
AddLimit,203,0,0
AddLimit,215,0,0
AddLimit,216,0,0
AddLimit,218,0,0
AddLimit,200,0,0
AddLimit,222,0,0
AddLimit,224,0,0
AddLimit,202,0,0
AddLimit,206,0,0
AddLimit,240,0,0
AddLimit,210,0,0
AddLimit,210,0,0
AddLimit,1144,0,0
AddLimit,233,0,0
AddLimit,212,0,0
AddLimit,239,0,0
AddLimit,203,0,0
AddLimit,228,0,0
AddLimit,214,0,0
AddLimit,219,0,0
AddLimit,197,0,0
AddLimit,216,0,0
AddLimit,199,0,0
AddLimit,242,0,0
AddLimit,221,0,0
AddLimit,211,0,0
AddLimit,215,0,0
AddLimit,214,0,0
AddLimit,211,0,0
AddLimit,225,0,0
AddLimit,212,0,0
AddLimit,214,0,0
AddLimit,212,0,0
AddLimit,226,0,0
AddLimit,212,0,0
AddLimit,222,0,0
AddLimit,210,0,0
AddLimit,201,0,0
AddLimit,210,0,0
AddLimit,199,0,0
AddLimit,209,0,0
AddLimit,211,0,0
AddLimit,206,0,0
AddLimit,214,0,0
AddLimit,210,0,0
AddLimit,210,0,0
AddLimit,216,0,0
AddLimit,212,0,0
AddLimit,215,0,0
AddLimit,206,0,0
AddLimit,205,0,0
AddLimit,209,0,0
AddLimit,207,0,0
AddLimit,211,0,0
AddLimit,208,0,0
AddLimit,209,0,0
AddLimit,207,0,0
AddLimit,207,0,0
AddLimit,204,0,0
AddLimit,225,0,0
AddLimit,212,0,0
AddLimit,207,0,0
AddLimit,208,0,0
AddLimit,212,0,0
AddLimit,215,0,0
AddLimit,199,0,0
AddLimit,206,0,0
AddLimit,217,0,0
AddLimit,207,0,0
AddLimit,216,0,0
AddLimit,213,0,0
AddLimit,215,0,0
AddLimit,214,0,0
AddLimit,203,0,0
AddLimit,232,0,0
AddLimit,235,0,0
AddLimit,209,0,0
AddLimit,228,0,0
AddLimit,255,0,0
AddLimit,219,0,0
AddLimit,230,0,0
AddLimit,225,0,0
AddLimit,224,0,0
AddLimit,218,0,0
AddLimit,231,0,0
AddLimit,262,0,0
AddLimit,208,0,0
AddLimit,209,0,0
AddLimit,220,0,0
AddLimit,212,0,0
AddLimit,210,0,0
AddLimit,207,0,0
AddLimit,205,0,0
AddLimit,208,0,0
AddLimit,214,0,0
AddLimit,230,0,0
AddLimit,209,0,0
AddLimit,215,0,0
AddLimit,1181,0,0
AddLimit,222,0,0
AddLimit,222,0,0
AddLimit,222,0,0
AddLimit,224,0,0
AddLimit,233,0,0
AddLimit,206,0,0
AddLimit,226,0,0
AddLimit,227,0,0
AddLimit,245,0,0
AddLimit,223,0,0
AddLimit,211,0,0
AddLimit,240,0,0
AddLimit,218,0,0
AddLimit,226,0,0
AddLimit,238,0,0
AddLimit,210,0,0
AddLimit,211,0,0
AddLimit,220,0,0
AddLimit,204,0,0
AddLimit,233,0,0
AddLimit,201,0,0
AddLimit,193,0,0
AddLimit,209,0,0
AddLimit,208,0,0
AddLimit,236,0,0
AddLimit,235,0,0
AddLimit,205,0,0
AddLimit,203,0,0
AddLimit,220,0,0
AddLimit,202,0,0
AddLimit,198,0,0
AddLimit,228,0,0
AddLimit,221,0,0
AddLimit,234,0,0
AddLimit,224,0,0
AddLimit,198,0,0
AddLimit,213,0,0
AddLimit,219,0,0
AddLimit,232,0,0
AddLimit,216,0,0
AddLimit,204,0,0
AddLimit,234,0,0
AddLimit,221,0,0
AddLimit,203,0,0
AddLimit,226,0,0
AddLimit,197,0,0
AddLimit,197,0,0
AddLimit,233,0,0
AddLimit,214,0,0
AddLimit,253,0,0
AddLimit,248,0,0
AddLimit,233,0,0
AddLimit,235,0,0
AddLimit,232,0,0
AddLimit,222,0,0
AddLimit,211,0,0
AddLimit,219,0,0
AddLimit,218,0,0
AddLimit,236,0,0
AddLimit,205,0,0
AddLimit,208,0,0
AddLimit,225,0,0
AddLimit,206,0,0
AddLimit,211,0,0
AddLimit,205,0,0
AddLimit,226,0,0
AddLimit,226,0,0
AddLimit,218,0,0
AddLimit,210,0,0
AddLimit,215,0,0
AddLimit,235,0,0
AddLimit,220,0,0
AddLimit,213,0,0
AddLimit,202,0,0
AddLimit,195,0,0
AddLimit,213,0,0
AddLimit,202,0,0
AddLimit,200,0,0
AddLimit,240,0,0
AddLimit,209,0,0
AddLimit,217,0,0
AddLimit,204,0,0
AddLimit,212,0,0
AddLimit,231,0,0
AddLimit,1139,0,0
AddLimit,215,0,0
AddLimit,232,0,0
AddLimit,225,0,0
AddLimit,216,0,0
AddLimit,210,0,0
AddLimit,226,0,0
AddLimit,219,0,0
AddLimit,208,0,0
AddLimit,205,0,0
AddLimit,216,0,0
AddLimit,213,0,0
AddLimit,208,0,0
AddLimit,208,0,0
AddLimit,213,0,0
AddLimit,214,0,0
AddLimit,228,0,0
AddLimit,204,0,0
AddLimit,209,0,0
AddLimit,209,0,0
AddLimit,210,0,0
AddLimit,222,0,0
AddLimit,223,0,0
AddLimit,213,0,0
AddLimit,205,0,0
AddLimit,211,0,0
AddLimit,225,0,0
AddLimit,206,0,0
AddLimit,214,0,0
AddLimit,214,0,0
AddLimit,203,0,0
AddLimit,230,0,0
AddLimit,221,0,0
AddLimit,218,0,0
AddLimit,224,0,0
AddLimit,199,0,0
AddLimit,220,0,0
AddLimit,211,0,0
AddLimit,207,0,0
AddLimit,206,0,0
AddLimit,207,0,0
AddLimit,227,0,0
AddLimit,207,0,0
AddLimit,207,0,0
AddLimit,222,0,0
AddLimit,211,0,0
AddLimit,209,0,0
AddLimit,208,0,0
AddLimit,208,0,0
AddLimit,202,0,0
AddLimit,216,0,0
AddLimit,217,0,0
AddLimit,212,0,0
AddLimit,210,0,0
AddLimit,222,0,0
AddLimit,214,0,0
AddLimit,205,0,0
AddLimit,207,0,0
AddLimit,201,0,0
AddLimit,214,0,0
AddLimit,218,0,0
AddLimit,207,0,0
AddLimit,212,0,0
AddLimit,208,0,0
AddLimit,222,0,0
AddLimit,231,0,0
AddLimit,213,0,0
AddLimit,217,0,0
AddLimit,218,0,0
AddLimit,196,0,0
AddLimit,205,0,0
AddLimit,205,0,0
AddLimit,199,0,0
AddLimit,220,0,0
AddLimit,237,0,0
AddLimit,201,0,0
AddLimit,203,0,0
AddLimit,196,0,0
AddLimit,207,0,0
AddLimit,198,0,0
AddLimit,219,0,0
AddLimit,210,0,0
AddLimit,228,0,0
AddLimit,215,0,0
AddLimit,199,0,0
AddLimit,2382,0,0
AddLimit,257,0,0
AddLimit,219,0,0
AddLimit,225,0,0
AddLimit,232,0,0
AddLimit,222,0,0
AddLimit,217,0,0
AddLimit,231,0,0
AddLimit,215,0,0
AddLimit,223,0,0
AddLimit,241,0,0
AddLimit,213,0,0
AddLimit,222,0,0
AddLimit,221,0,0
AddLimit,219,0,0
AddLimit,212,0,0
AddLimit,205,0,0
AddLimit,224,0,0
AddLimit,203,0,0
AddLimit,223,0,0
AddLimit,231,0,0
AddLimit,241,0,0
AddLimit,221,0,0
AddLimit,216,0,0
AddLimit,216,0,0
AddLimit,215,0,0
AddLimit,226,0,0
AddLimit,216,0,0
AddLimit,217,0,0
AddLimit,213,0,0
AddLimit,217,0,0
AddLimit,208,0,0
AddLimit,217,0,0
AddLimit,214,0,0
AddLimit,221,0,0
AddLimit,213,0,0
AddLimit,223,0,0
AddLimit,234,0,0
AddLimit,226,0,0
AddLimit,230,0,0
AddLimit,227,0,0
AddLimit,210,0,0
AddLimit,206,0,0
AddLimit,221,0,0
AddLimit,223,0,0
AddLimit,206,0,0
AddLimit,206,0,0
AddLimit,207,0,0
AddLimit,203,0,0
AddLimit,210,0,0
AddLimit,210,0,0
AddLimit,212,0,0
AddLimit,218,0,0
AddLimit,220,0,0
AddLimit,210,0,0
AddLimit,206,0,0
AddLimit,214,0,0
AddLimit,224,0,0
AddLimit,214,0,0
AddLimit,211,0,0
AddLimit,223,0,0
AddLimit,238,0,0
AddLimit,205,0,0
AddLimit,206,0,0
AddLimit,223,0,0
AddLimit,216,0,0
AddLimit,225,0,0
AddLimit,224,0,0
AddLimit,225,0,0
AddLimit,213,0,0
AddLimit,216,0,0
AddLimit,202,0,0
AddLimit,243,0,0
AddLimit,230,0,0
AddLimit,203,0,0
AddLimit,223,0,0
AddLimit,229,0,0
AddLimit,221,0,0
AddLimit,229,0,0
AddLimit,213,0,0
AddLimit,252,0,0
AddLimit,238,0,0
AddLimit,216,0,0
AddLimit,232,0,0
AddLimit,222,0,0
AddLimit,216,0,0
AddLimit,1159,0,0
AddLimit,244,0,0
AddLimit,209,0,0
AddLimit,206,0,0
AddLimit,224,0,0
AddLimit,211,0,0
AddLimit,213,0,0
AddLimit,210,0,0
AddLimit,229,0,0
AddLimit,209,0,0
AddLimit,215,0,0
AddLimit,232,0,0
AddLimit,211,0,0
AddLimit,206,0,0
AddLimit,212,0,0
AddLimit,209,0,0
AddLimit,234,0,0
AddLimit,211,0,0
AddLimit,225,0,0
AddLimit,211,0,0
AddLimit,210,0,0
AddLimit,224,0,0
AddLimit,211,0,0
AddLimit,219,0,0
AddLimit,195,0,0
AddLimit,208,0,0
AddLimit,222,0,0
AddLimit,221,0,0
AddLimit,231,0,0
AddLimit,210,0,0
AddLimit,218,0,0
AddLimit,218,0,0
AddLimit,201,0,0
AddLimit,208,0,0
AddLimit,212,0,0
AddLimit,239,0,0
AddLimit,216,0,0
AddLimit,228,0,0
AddLimit,220,0,0
AddLimit,224,0,0
AddLimit,220,0,0
AddLimit,229,0,0
AddLimit,213,0,0
AddLimit,214,0,0
AddLimit,207,0,0
AddLimit,215,0,0
AddLimit,211,0,0
AddLimit,215,0,0
AddLimit,212,0,0
AddLimit,212,0,0
AddLimit,206,0,0
AddLimit,209,0,0
AddLimit,212,0,0
AddLimit,215,0,0
AddLimit,212,0,0
AddLimit,219,0,0
AddLimit,215,0,0
AddLimit,223,0,0
AddLimit,203,0,0
AddLimit,217,0,0
AddLimit,228,0,0
AddLimit,227,0,0
AddLimit,210,0,0
AddLimit,209,0,0
AddLimit,210,0,0
AddLimit,226,0,0
AddLimit,220,0,0
AddLimit,207,0,0
AddLimit,211,0,0
AddLimit,225,0,0
AddLimit,200,0,0
AddLimit,223,0,0
AddLimit,209,0,0
AddLimit,220,0,0
AddLimit,210,0,0
AddLimit,229,0,0
AddLimit,207,0,0
AddLimit,194,0,0
AddLimit,199,0,0
AddLimit,218,0,0
AddLimit,212,0,0
AddLimit,210,0,0
AddLimit,207,0,0
AddLimit,220,0,0
AddLimit,214,0,0
AddLimit,1305,0,0
AddLimit,235,0,0
AddLimit,226,0,0
AddLimit,214,0,0
AddLimit,219,0,0
AddLimit,214,0,0
AddLimit,213,0,0
AddLimit,218,0,0
AddLimit,209,0,0
AddLimit,212,0,0
AddLimit,235,0,0
AddLimit,217,0,0
AddLimit,208,0,0
AddLimit,200,0,0
AddLimit,232,0,0
AddLimit,228,0,0
AddLimit,212,0,0
AddLimit,205,0,0
AddLimit,214,0,0
AddLimit,221,0,0
AddLimit,210,0,0
AddLimit,212,0,0
AddLimit,212,0,0
AddLimit,209,0,0
AddLimit,221,0,0
AddLimit,214,0,0
AddLimit,212,0,0
AddLimit,210,0,0
AddLimit,208,0,0
AddLimit,237,0,0
AddLimit,232,0,0
AddLimit,216,0,0
AddLimit,206,0,0
AddLimit,201,0,0
AddLimit,201,0,0
AddLimit,215,0,0
AddLimit,238,0,0
AddLimit,209,0,0
AddLimit,233,0,0
AddLimit,209,0,0
AddLimit,202,0,0
AddLimit,209,0,0
AddLimit,197,0,0
AddLimit,204,0,0
AddLimit,207,0,0
AddLimit,217,0,0
AddLimit,211,0,0
AddLimit,224,0,0
AddLimit,212,0,0
AddLimit,216,0,0
AddLimit,222,0,0
AddLimit,211,0,0
AddLimit,270,0,0
AddLimit,209,0,0
AddLimit,204,0,0
AddLimit,205,0,0
AddLimit,200,0,0
AddLimit,219,0,0
AddLimit,206,0,0
AddLimit,204,0,0
AddLimit,215,0,0
AddLimit,204,0,0
AddLimit,235,0,0
AddLimit,209,0,0
AddLimit,204,0,0
AddLimit,241,0,0
AddLimit,222,0,0
AddLimit,222,0,0
AddLimit,199,0,0
AddLimit,196,0,0
AddLimit,223,0,0
AddLimit,222,0,0
AddLimit,200,0,0
AddLimit,207,0,0
AddLimit,229,0,0
AddLimit,214,0,0
AddLimit,223,0,0
AddLimit,196,0,0
AddLimit,218,0,0
AddLimit,218,0,0
AddLimit,193,0,0
AddLimit,222,0,0
AddLimit,213,0,0
AddLimit,232,0,0
AddLimit,200,0,0
AddLimit,1173,0,0
AddLimit,235,0,0
AddLimit,232,0,0
AddLimit,214,0,0
AddLimit,234,0,0
AddLimit,227,0,0
AddLimit,221,0,0
AddLimit,224,0,0
AddLimit,210,0,0
AddLimit,201,0,0
AddLimit,204,0,0
AddLimit,213,0,0
AddLimit,210,0,0
AddLimit,227,0,0
AddLimit,203,0,0
AddLimit,205,0,0
AddLimit,225,0,0
AddLimit,213,0,0
AddLimit,224,0,0
AddLimit,205,0,0
AddLimit,228,0,0
AddLimit,207,0,0
AddLimit,206,0,0
AddLimit,201,0,0
AddLimit,222,0,0
AddLimit,222,0,0
AddLimit,219,0,0
AddLimit,220,0,0
AddLimit,238,0,0
AddLimit,221,0,0
AddLimit,213,0,0
AddLimit,202,0,0
AddLimit,205,0,0
AddLimit,220,0,0
AddLimit,206,0,0
AddLimit,209,0,0
AddLimit,223,0,0
AddLimit,208,0,0
AddLimit,203,0,0
AddLimit,209,0,0
AddLimit,211,0,0
AddLimit,204,0,0
AddLimit,219,0,0
AddLimit,225,0,0
AddLimit,225,0,0
AddLimit,203,0,0
AddLimit,199,0,0
AddLimit,215,0,0
AddLimit,223,0,0
AddLimit,225,0,0
AddLimit,211,0,0
AddLimit,214,0,0
AddLimit,205,0,0
AddLimit,205,0,0
AddLimit,212,0,0
AddLimit,282,0,0
AddLimit,215,0,0
AddLimit,212,0,0
AddLimit,196,0,0
AddLimit,227,0,0
AddLimit,223,0,0
AddLimit,227,0,0
AddLimit,207,0,0
AddLimit,206,0,0
AddLimit,222,0,0
AddLimit,226,0,0
AddLimit,199,0,0
AddLimit,241,0,0
AddLimit,207,0,0
AddLimit,207,0,0
AddLimit,219,0,0
AddLimit,242,0,0
AddLimit,211,0,0
AddLimit,218,0,0
AddLimit,205,0,0
AddLimit,229,0,0
AddLimit,208,0,0
AddLimit,201,0,0
AddLimit,207,0,0
AddLimit,213,0,0
AddLimit,210,0,0
AddLimit,211,0,0
AddLimit,207,0,0
AddLimit,208,0,0
AddLimit,213,0,0
AddLimit,212,0,0
AddLimit,1177,0,0
AddLimit,222,0,0
AddLimit,226,0,0
AddLimit,235,0,0
AddLimit,233,0,0
AddLimit,219,0,0
AddLimit,198,0,0
AddLimit,226,0,0
AddLimit,207,0,0
AddLimit,242,0,0
AddLimit,211,0,0
AddLimit,202,0,0
AddLimit,215,0,0
AddLimit,207,0,0
AddLimit,210,0,0
AddLimit,215,0,0
AddLimit,212,0,0
AddLimit,224,0,0
AddLimit,245,0,0
AddLimit,213,0,0
AddLimit,226,0,0
AddLimit,220,0,0
AddLimit,236,0,0
AddLimit,239,0,0
AddLimit,230,0,0
AddLimit,207,0,0
AddLimit,236,0,0
AddLimit,228,0,0
AddLimit,203,0,0
AddLimit,205,0,0
AddLimit,204,0,0
AddLimit,201,0,0
AddLimit,197,0,0
AddLimit,222,0,0
AddLimit,230,0,0
AddLimit,198,0,0
AddLimit,220,0,0
AddLimit,239,0,0
AddLimit,196,0,0
AddLimit,208,0,0
AddLimit,206,0,0
AddLimit,223,0,0
AddLimit,204,0,0
AddLimit,237,0,0
AddLimit,203,0,0
AddLimit,197,0,0
AddLimit,222,0,0
AddLimit,213,0,0
AddLimit,227,0,0
AddLimit,212,0,0
AddLimit,209,0,0
AddLimit,218,0,0
AddLimit,212,0,0
AddLimit,222,0,0
AddLimit,231,0,0
AddLimit,213,0,0
AddLimit,206,0,0
AddLimit,218,0,0
AddLimit,206,0,0
AddLimit,209,0,0
AddLimit,219,0,0
AddLimit,210,0,0
AddLimit,220,0,0
AddLimit,219,0,0
AddLimit,222,0,0
AddLimit,204,0,0
AddLimit,217,0,0
AddLimit,224,0,0
AddLimit,216,0,0
AddLimit,212,0,0
AddLimit,223,0,0
AddLimit,211,0,0
AddLimit,256,0,0
AddLimit,218,0,0
AddLimit,230,0,0
AddLimit,207,0,0
AddLimit,203,0,0
AddLimit,234,0,0
AddLimit,215,0,0
AddLimit,218,0,0
AddLimit,216,0,0
AddLimit,197,0,0
AddLimit,200,0,0
AddLimit,239,0,0
AddLimit,225,0,0
AddLimit,1215,0,0
AddLimit,215,0,0
AddLimit,226,0,0
AddLimit,220,0,0
AddLimit,213,0,0
AddLimit,249,0,0
AddLimit,232,0,0
AddLimit,213,0,0
AddLimit,220,0,0
AddLimit,231,0,0
AddLimit,218,0,0
AddLimit,233,0,0
AddLimit,201,0,0
AddLimit,198,0,0
AddLimit,211,0,0
AddLimit,209,0,0
AddLimit,207,0,0
AddLimit,215,0,0
AddLimit,223,0,0
AddLimit,229,0,0
AddLimit,232,0,0
AddLimit,210,0,0
AddLimit,207,0,0
AddLimit,237,0,0
AddLimit,203,0,0
AddLimit,224,0,0
AddLimit,217,0,0
AddLimit,230,0,0
AddLimit,198,0,0
AddLimit,202,0,0
AddLimit,199,0,0
AddLimit,234,0,0
AddLimit,219,0,0
AddLimit,206,0,0
AddLimit,201,0,0
AddLimit,200,0,0
AddLimit,204,0,0
AddLimit,225,0,0
AddLimit,221,0,0
AddLimit,236,0,0
AddLimit,212,0,0
AddLimit,206,0,0
AddLimit,200,0,0
AddLimit,202,0,0
AddLimit,235,0,0
AddLimit,201,0,0
AddLimit,212,0,0
AddLimit,229,0,0
AddLimit,218,0,0
AddLimit,217,0,0
AddLimit,215,0,0
AddLimit,213,0,0
AddLimit,215,0,0
AddLimit,219,0,0
AddLimit,209,0,0
AddLimit,216,0,0
AddLimit,223,0,0
AddLimit,211,0,0
AddLimit,210,0,0
AddLimit,206,0,0
AddLimit,212,0,0
AddLimit,237,0,0
AddLimit,230,0,0
AddLimit,213,0,0
AddLimit,220,0,0
AddLimit,202,0,0
AddLimit,211,0,0
AddLimit,219,0,0
AddLimit,209,0,0
AddLimit,234,0,0
AddLimit,212,0,0
AddLimit,210,0,0
AddLimit,224,0,0
AddLimit,210,0,0
AddLimit,216,0,0
AddLimit,209,0,0
AddLimit,242,0,0
AddLimit,216,0,0
AddLimit,235,0,0
AddLimit,210,0,0
AddLimit,197,0,0
AddLimit,202,0,0
AddLimit,222,0,0
AddLimit,227,0,0
AddLimit,223,0,0
AddLimit,1157,0,0
AddLimit,249,0,0
AddLimit,219,0,0
AddLimit,226,0,0
AddLimit,209,0,0
AddLimit,235,0,0
AddLimit,220,0,0
AddLimit,225,0,0
AddLimit,223,0,0
AddLimit,209,0,0
AddLimit,241,0,0
AddLimit,215,0,0
AddLimit,213,0,0
AddLimit,220,0,0
AddLimit,230,0,0
AddLimit,221,0,0
AddLimit,226,0,0
AddLimit,229,0,0
AddLimit,218,0,0
AddLimit,227,0,0
AddLimit,204,0,0
AddLimit,210,0,0
AddLimit,212,0,0
AddLimit,244,0,0
AddLimit,216,0,0
AddLimit,210,0,0
AddLimit,212,0,0
AddLimit,213,0,0
AddLimit,212,0,0
AddLimit,215,0,0
AddLimit,199,0,0
AddLimit,255,0,0
AddLimit,213,0,0
AddLimit,229,0,0
AddLimit,211,0,0
AddLimit,222,0,0
AddLimit,208,0,0
AddLimit,204,0,0
AddLimit,223,0,0
AddLimit,213,0,0
AddLimit,213,0,0
AddLimit,213,0,0
AddLimit,236,0,0
AddLimit,218,0,0
AddLimit,224,0,0
AddLimit,203,0,0
AddLimit,206,0,0
AddLimit,219,0,0
AddLimit,195,0,0
AddLimit,208,0,0
AddLimit,206,0,0
AddLimit,227,0,0
AddLimit,205,0,0
AddLimit,227,0,0
AddLimit,238,0,0
AddLimit,218,0,0
AddLimit,215,0,0
AddLimit,231,0,0
AddLimit,224,0,0
AddLimit,216,0,0
AddLimit,228,0,0
AddLimit,221,0,0
AddLimit,216,0,0
AddLimit,215,0,0
AddLimit,208,0,0
AddLimit,246,0,0
AddLimit,207,0,0
AddLimit,204,0,0
AddLimit,208,0,0
AddLimit,236,0,0
AddLimit,225,0,0
AddLimit,203,0,0
AddLimit,226,0,0
AddLimit,212,0,0
AddLimit,203,0,0
AddLimit,218,0,0
AddLimit,204,0,0
AddLimit,235,0,0
AddLimit,226,0,0
AddLimit,226,0,0
AddLimit,220,0,0
AddLimit,207,0,0
AddLimit,216,0,0
AddLimit,213,0,0
AddLimit,213,0,0
AddLimit,234,0,0
AddLimit,1207,0,0
AddLimit,211,0,0
AddLimit,242,0,0
AddLimit,214,0,0
AddLimit,235,0,0
AddLimit,224,0,0
AddLimit,216,0,0
AddLimit,215,0,0
AddLimit,230,0,0
AddLimit,213,0,0
AddLimit,211,0,0
AddLimit,225,0,0
AddLimit,205,0,0
AddLimit,204,0,0
AddLimit,202,0,0
AddLimit,202,0,0
AddLimit,229,0,0
AddLimit,203,0,0
AddLimit,217,0,0
AddLimit,231,0,0
AddLimit,224,0,0
AddLimit,208,0,0
AddLimit,237,0,0
AddLimit,218,0,0
AddLimit,203,0,0
AddLimit,204,0,0
AddLimit,227,0,0
AddLimit,209,0,0
AddLimit,212,0,0
AddLimit,224,0,0
AddLimit,222,0,0
AddLimit,205,0,0
AddLimit,222,0,0
AddLimit,226,0,0
AddLimit,223,0,0
AddLimit,226,0,0
AddLimit,202,0,0
AddLimit,205,0,0
AddLimit,217,0,0
AddLimit,198,0,0
AddLimit,235,0,0
AddLimit,230,0,0
AddLimit,201,0,0
AddLimit,225,0,0
AddLimit,225,0,0
AddLimit,232,0,0
AddLimit,216,0,0
AddLimit,220,0,0
AddLimit,214,0,0
AddLimit,217,0,0
AddLimit,214,0,0
AddLimit,213,0,0
AddLimit,220,0,0
AddLimit,214,0,0
AddLimit,229,0,0
AddLimit,218,0,0
AddLimit,207,0,0
AddLimit,214,0,0
AddLimit,206,0,0
AddLimit,207,0,0
AddLimit,216,0,0
AddLimit,215,0,0
AddLimit,218,0,0
AddLimit,225,0,0
AddLimit,209,0,0
AddLimit,222,0,0
AddLimit,204,0,0
AddLimit,223,0,0
AddLimit,204,0,0
AddLimit,211,0,0
AddLimit,199,0,0
AddLimit,202,0,0
AddLimit,206,0,0
AddLimit,211,0,0
AddLimit,209,0,0
AddLimit,213,0,0
AddLimit,210,0,0
AddLimit,204,0,0
AddLimit,211,0,0
AddLimit,213,0,0
AddLimit,238,0,0
AddLimit,205,0,0
AddLimit,218,0,0
AddLimit,221,0,0
AddLimit,213,0,0
AddLimit,1120,0,0
AddLimit,249,0,0
AddLimit,213,0,0
AddLimit,216,0,0
AddLimit,222,0,0
AddLimit,215,0,0
AddLimit,212,0,0
AddLimit,226,0,0
AddLimit,211,0,0
AddLimit,212,0,0
AddLimit,233,0,0
AddLimit,217,0,0
AddLimit,224,0,0
AddLimit,219,0,0
AddLimit,217,0,0
AddLimit,220,0,0
AddLimit,208,0,0
AddLimit,202,0,0
AddLimit,203,0,0
AddLimit,194,0,0
AddLimit,198,0,0
AddLimit,192,0,0
AddLimit,201,0,0
AddLimit,200,0,0
AddLimit,229,0,0
AddLimit,198,0,0
AddLimit,213,0,0
AddLimit,206,0,0
AddLimit,203,0,0
AddLimit,193,0,0
AddLimit,227,0,0
AddLimit,218,0,0
AddLimit,198,0,0
AddLimit,209,0,0
AddLimit,194,0,0
AddLimit,202,0,0
AddLimit,200,0,0
AddLimit,222,0,0
AddLimit,205,0,0
AddLimit,203,0,0
AddLimit,201,0,0
AddLimit,215,0,0
AddLimit,197,0,0
AddLimit,224,0,0
AddLimit,235,0,0
AddLimit,197,0,0
AddLimit,212,0,0
AddLimit,225,0,0
AddLimit,227,0,0
AddLimit,212,0,0
AddLimit,209,0,0
AddLimit,218,0,0
AddLimit,212,0,0
AddLimit,217,0,0
AddLimit,230,0,0
AddLimit,222,0,0
AddLimit,208,0,0
AddLimit,206,0,0
AddLimit,208,0,0
AddLimit,204,0,0
AddLimit,226,0,0
AddLimit,224,0,0
AddLimit,232,0,0
AddLimit,230,0,0
AddLimit,212,0,0
AddLimit,205,0,0
AddLimit,207,0,0
AddLimit,206,0,0
AddLimit,225,0,0
AddLimit,211,0,0
AddLimit,208,0,0
AddLimit,211,0,0
AddLimit,201,0,0
AddLimit,224,0,0
AddLimit,209,0,0
AddLimit,210,0,0
AddLimit,209,0,0
AddLimit,220,0,0
AddLimit,211,0,0
AddLimit,214,0,0
AddLimit,209,0,0
AddLimit,187,0,0
AddLimit,213,0,0
AddLimit,210,0,0
AddLimit,196,0,0
AddLimit,1135,0,0
AddLimit,236,0,0
AddLimit,213,0,0
AddLimit,212,0,0
AddLimit,228,0,0
AddLimit,230,0,0
AddLimit,240,0,0
AddLimit,208,0,0
AddLimit,220,0,0
AddLimit,205,0,0
AddLimit,210,0,0
AddLimit,256,0,0
AddLimit,205,0,0
AddLimit,210,0,0
AddLimit,213,0,0
AddLimit,210,0,0
AddLimit,212,0,0
AddLimit,204,0,0
AddLimit,201,0,0
AddLimit,213,0,0
AddLimit,206,0,0
AddLimit,204,0,0
AddLimit,200,0,0
AddLimit,211,0,0
AddLimit,195,0,0
AddLimit,216,0,0
AddLimit,238,0,0
AddLimit,220,0,0
AddLimit,218,0,0
AddLimit,222,0,0
AddLimit,219,0,0
AddLimit,206,0,0
AddLimit,210,0,0
AddLimit,206,0,0
AddLimit,207,0,0
AddLimit,207,0,0
AddLimit,231,0,0
AddLimit,220,0,0
AddLimit,206,0,0
AddLimit,200,0,0
AddLimit,206,0,0
AddLimit,203,0,0
AddLimit,212,0,0
AddLimit,216,0,0
AddLimit,211,0,0
AddLimit,207,0,0
AddLimit,215,0,0
AddLimit,225,0,0
AddLimit,209,0,0
AddLimit,212,0,0
AddLimit,221,0,0
AddLimit,209,0,0
AddLimit,235,0,0
AddLimit,204,0,0
AddLimit,214,0,0
AddLimit,207,0,0
AddLimit,208,0,0
AddLimit,225,0,0
AddLimit,219,0,0
AddLimit,210,0,0
AddLimit,220,0,0
AddLimit,211,0,0
AddLimit,248,0,0
AddLimit,211,0,0
AddLimit,212,0,0
AddLimit,230,0,0
AddLimit,200,0,0
AddLimit,225,0,0
AddLimit,207,0,0
AddLimit,217,0,0
AddLimit,224,0,0
AddLimit,217,0,0
AddLimit,204,0,0
AddLimit,196,0,0
AddLimit,196,0,0
AddLimit,222,0,0
AddLimit,225,0,0
AddLimit,212,0,0
AddLimit,238,0,0
AddLimit,217,0,0
AddLimit,204,0,0
AddLimit,219,0,0
AddLimit,239,0,0
AddLimit,232,0,0
AddLimit,226,0,0
AddLimit,229,0,0
AddLimit,1171,0,0
AddLimit,243,0,0
AddLimit,225,0,0
AddLimit,239,0,0
AddLimit,214,0,0
AddLimit,217,0,0
AddLimit,214,0,0
AddLimit,225,0,0
AddLimit,216,0,0
AddLimit,221,0,0
AddLimit,235,0,0
AddLimit,214,0,0
AddLimit,220,0,0
AddLimit,219,0,0
AddLimit,229,0,0
AddLimit,218,0,0
AddLimit,255,0,0
AddLimit,215,0,0
AddLimit,206,0,0
AddLimit,236,0,0
AddLimit,207,0,0
AddLimit,223,0,0
AddLimit,224,0,0
AddLimit,213,0,0
AddLimit,206,0,0
AddLimit,226,0,0
AddLimit,207,0,0
AddLimit,213,0,0
AddLimit,216,0,0
AddLimit,220,0,0
AddLimit,200,0,0
AddLimit,237,0,0
AddLimit,218,0,0
AddLimit,199,0,0
AddLimit,201,0,0
AddLimit,200,0,0
AddLimit,195,0,0
AddLimit,223,0,0
AddLimit,220,0,0
AddLimit,233,0,0
AddLimit,227,0,0
AddLimit,209,0,0
AddLimit,226,0,0
AddLimit,236,0,0
AddLimit,223,0,0
AddLimit,208,0,0
AddLimit,218,0,0
AddLimit,215,0,0
AddLimit,226,0,0
AddLimit,217,0,0
AddLimit,215,0,0
AddLimit,221,0,0
AddLimit,222,0,0
AddLimit,217,0,0
AddLimit,228,0,0
AddLimit,218,0,0
AddLimit,209,0,0
AddLimit,212,0,0
AddLimit,219,0,0
AddLimit,209,0,0
AddLimit,216,0,0
AddLimit,209,0,0
AddLimit,222,0,0
AddLimit,221,0,0
AddLimit,211,0,0
AddLimit,213,0,0
AddLimit,198,0,0
AddLimit,217,0,0
AddLimit,216,0,0
AddLimit,212,0,0
AddLimit,208,0,0
AddLimit,216,0,0
AddLimit,221,0,0
AddLimit,211,0,0
AddLimit,201,0,0
AddLimit,201,0,0
AddLimit,203,0,0
AddLimit,226,0,0
AddLimit,205,0,0
AddLimit,222,0,0
AddLimit,220,0,0
AddLimit,218,0,0
AddLimit,218,0,0
AddLimit,223,0,0
AddLimit,210,0,0
AddLimit,2207,0,0
AddLimit,241,0,0
AddLimit,221,0,0
AddLimit,238,0,0
AddLimit,228,0,0
AddLimit,209,0,0
AddLimit,226,0,0
AddLimit,207,0,0
AddLimit,204,0,0
AddLimit,205,0,0
AddLimit,226,0,0
AddLimit,209,0,0
AddLimit,206,0,0
AddLimit,202,0,0
AddLimit,203,0,0
AddLimit,225,0,0
AddLimit,223,0,0
AddLimit,202,0,0
AddLimit,214,0,0
AddLimit,222,0,0
AddLimit,198,0,0
AddLimit,231,0,0
AddLimit,206,0,0
AddLimit,223,0,0
AddLimit,202,0,0
AddLimit,231,0,0
AddLimit,236,0,0
AddLimit,214,0,0
AddLimit,229,0,0
AddLimit,208,0,0
AddLimit,238,0,0
AddLimit,214,0,0
AddLimit,226,0,0
AddLimit,213,0,0
AddLimit,203,0,0
AddLimit,203,0,0
AddLimit,227,0,0
AddLimit,216,0,0
AddLimit,207,0,0
AddLimit,210,0,0
AddLimit,215,0,0
AddLimit,211,0,0
AddLimit,211,0,0
AddLimit,226,0,0
AddLimit,205,0,0
AddLimit,213,0,0
AddLimit,208,0,0
AddLimit,211,0,0
AddLimit,222,0,0
AddLimit,214,0,0
AddLimit,217,0,0
AddLimit,245,0,0
AddLimit,220,0,0
AddLimit,201,0,0
AddLimit,2517,0,0
AddLimit,252,0,0
AddLimit,219,0,0
AddLimit,224,0,0
AddLimit,225,0,0
AddLimit,228,0,0
AddLimit,220,0,0
AddLimit,217,0,0
AddLimit,216,0,0
AddLimit,220,0,0
AddLimit,235,0,0
AddLimit,235,0,0
AddLimit,252,0,0
AddLimit,219,0,0
AddLimit,217,0,0
AddLimit,217,0,0
AddLimit,215,0,0
AddLimit,218,0,0
AddLimit,209,0,0
AddLimit,228,0,0
AddLimit,218,0,0
AddLimit,220,0,0
AddLimit,214,0,0
AddLimit,226,0,0
AddLimit,233,0,0
AddLimit,221,0,0
AddLimit,217,0,0
AddLimit,220,0,0
AddLimit,210,0,0
AddLimit,231,0,0
AddLimit,215,0,0
AddLimit,1159,0,0
AddLimit,226,0,0
AddLimit,243,0,0
AddLimit,219,0,0
AddLimit,204,0,0
AddLimit,229,0,0
AddLimit,215,0,0
AddLimit,238,0,0
AddLimit,218,0,0
AddLimit,246,0,0
AddLimit,213,0,0
AddLimit,204,0,0
AddLimit,201,0,0
AddLimit,202,0,0
AddLimit,211,0,0
AddLimit,199,0,0
AddLimit,210,0,0
AddLimit,210,0,0
AddLimit,211,0,0
AddLimit,223,0,0
AddLimit,224,0,0
AddLimit,220,0,0
AddLimit,225,0,0
AddLimit,233,0,0
AddLimit,242,0,0
AddLimit,226,0,0
AddLimit,206,0,0
AddLimit,225,0,0
AddLimit,215,0,0
AddLimit,210,0,0
AddLimit,220,0,0
AddLimit,230,0,0
AddLimit,202,0,0
AddLimit,207,0,0
AddLimit,222,0,0
AddLimit,230,0,0
AddLimit,233,0,0
AddLimit,219,0,0
AddLimit,211,0,0
AddLimit,225,0,0
AddLimit,223,0,0
AddLimit,219,0,0
AddLimit,230,0,0
AddLimit,218,0,0
AddLimit,209,0,0
AddLimit,224,0,0
AddLimit,213,0,0
AddLimit,216,0,0
AddLimit,201,0,0
AddLimit,213,0,0
AddLimit,208,0,0
AddLimit,206,0,0
AddLimit,203,0,0
AddLimit,204,0,0
AddLimit,232,0,0
AddLimit,227,0,0
AddLimit,232,0,0
AddLimit,219,0,0
AddLimit,206,0,0
AddLimit,242,0,0
AddLimit,240,0,0
AddLimit,220,0,0
AddLimit,228,0,0
AddLimit,245,0,0
AddLimit,214,0,0
AddLimit,206,0,0
AddLimit,204,0,0
AddLimit,229,0,0
AddLimit,203,0,0
AddLimit,251,0,0
AddLimit,226,0,0
AddLimit,210,0,0
AddLimit,199,0,0
AddLimit,227,0,0
AddLimit,198,0,0
AddLimit,220,0,0
AddLimit,204,0,0
AddLimit,203,0,0
AddLimit,235,0,0
AddLimit,214,0,0
AddLimit,205,0,0
AddLimit,213,0,0
AddLimit,212,0,0
AddLimit,223,0,0
AddLimit,199,0,0
AddLimit,216,0,0
AddLimit,1148,0,0
AddLimit,220,0,0
AddLimit,213,0,0
AddLimit,239,0,0
AddLimit,230,0,0
AddLimit,222,0,0
AddLimit,218,0,0
AddLimit,214,0,0
AddLimit,216,0,0
AddLimit,220,0,0
AddLimit,224,0,0
AddLimit,222,0,0
AddLimit,210,0,0
AddLimit,226,0,0
AddLimit,224,0,0
AddLimit,219,0,0
AddLimit,205,0,0
AddLimit,203,0,0
AddLimit,208,0,0
AddLimit,208,0,0
AddLimit,210,0,0
AddLimit,210,0,0
AddLimit,207,0,0
AddLimit,238,0,0
AddLimit,224,0,0
AddLimit,227,0,0
AddLimit,204,0,0
AddLimit,246,0,0
AddLimit,225,0,0
AddLimit,212,0,0
AddLimit,231,0,0
AddLimit,219,0,0
AddLimit,215,0,0
AddLimit,214,0,0
AddLimit,219,0,0
AddLimit,212,0,0
AddLimit,242,0,0
AddLimit,215,0,0
AddLimit,221,0,0
AddLimit,209,0,0
AddLimit,211,0,0
AddLimit,206,0,0
AddLimit,218,0,0
AddLimit,214,0,0
AddLimit,208,0,0
AddLimit,207,0,0
AddLimit,225,0,0
AddLimit,214,0,0
AddLimit,209,0,0
AddLimit,207,0,0
AddLimit,211,0,0
AddLimit,211,0,0
AddLimit,213,0,0
AddLimit,218,0,0
AddLimit,214,0,0
AddLimit,211,0,0
AddLimit,211,0,0
AddLimit,210,0,0
AddLimit,209,0,0
AddLimit,211,0,0
AddLimit,216,0,0
AddLimit,215,0,0
AddLimit,216,0,0
AddLimit,208,0,0
AddLimit,219,0,0
AddLimit,215,0,0
AddLimit,217,0,0
AddLimit,226,0,0
AddLimit,212,0,0
AddLimit,218,0,0
AddLimit,229,0,0
AddLimit,215,0,0
AddLimit,223,0,0
AddLimit,210,0,0
AddLimit,208,0,0
AddLimit,206,0,0
AddLimit,222,0,0
AddLimit,215,0,0
AddLimit,207,0,0
AddLimit,220,0,0
AddLimit,218,0,0
AddLimit,231,0,0
AddLimit,199,0,0
AddLimit,235,0,0
AddLimit,216,0,0
AddLimit,1232,0,0
AddLimit,212,0,0
AddLimit,203,0,0
AddLimit,208,0,0
AddLimit,207,0,0
AddLimit,226,0,0
AddLimit,242,0,0
AddLimit,229,0,0
AddLimit,202,0,0
AddLimit,202,0,0
AddLimit,227,0,0
AddLimit,199,0,0
AddLimit,205,0,0
AddLimit,212,0,0
AddLimit,242,0,0
AddLimit,211,0,0
AddLimit,212,0,0
AddLimit,231,0,0
AddLimit,230,0,0
AddLimit,205,0,0
AddLimit,204,0,0
AddLimit,223,0,0
AddLimit,219,0,0
AddLimit,209,0,0
AddLimit,226,0,0
AddLimit,199,0,0
AddLimit,222,0,0
AddLimit,245,0,0
AddLimit,212,0,0
AddLimit,215,0,0
AddLimit,210,0,0
AddLimit,198,0,0
AddLimit,227,0,0
AddLimit,215,0,0
AddLimit,203,0,0
AddLimit,248,0,0
AddLimit,206,0,0
AddLimit,222,0,0
AddLimit,209,0,0
AddLimit,212,0,0
AddLimit,226,0,0
AddLimit,218,0,0
AddLimit,210,0,0
AddLimit,217,0,0
AddLimit,207,0,0
AddLimit,239,0,0
AddLimit,206,0,0
AddLimit,193,0,0
AddLimit,217,0,0
AddLimit,196,0,0
AddLimit,220,0,0
AddLimit,231,0,0
AddLimit,209,0,0
AddLimit,217,0,0
AddLimit,204,0,0
AddLimit,208,0,0
AddLimit,211,0,0
AddLimit,206,0,0
AddLimit,202,0,0
AddLimit,206,0,0
AddLimit,220,0,0
AddLimit,208,0,0
AddLimit,217,0,0
AddLimit,210,0,0
AddLimit,235,0,0
AddLimit,219,0,0
AddLimit,210,0,0
AddLimit,211,0,0
AddLimit,230,0,0
AddLimit,199,0,0
AddLimit,198,0,0
AddLimit,223,0,0
AddLimit,225,0,0
AddLimit,203,0,0
AddLimit,213,0,0
AddLimit,196,0,0
AddLimit,203,0,0
AddLimit,210,0,0
AddLimit,206,0,0
AddLimit,212,0,0
AddLimit,229,0,0
AddLimit,238,0,0
AddLimit,223,0,0
AddLimit,228,0,0
AddLimit,199,0,0
AddLimit,1116,0,0
AddLimit,218,0,0
AddLimit,236,0,0
AddLimit,221,0,0
AddLimit,209,0,0
AddLimit,206,0,0
AddLimit,210,0,0
AddLimit,251,0,0
AddLimit,206,0,0
AddLimit,209,0,0
AddLimit,227,0,0
AddLimit,200,0,0
AddLimit,224,0,0
AddLimit,223,0,0
AddLimit,225,0,0
AddLimit,215,0,0
AddLimit,226,0,0
AddLimit,209,0,0
AddLimit,218,0,0
AddLimit,207,0,0
AddLimit,237,0,0
AddLimit,210,0,0
AddLimit,213,0,0
AddLimit,206,0,0
AddLimit,205,0,0
AddLimit,217,0,0
AddLimit,206,0,0
AddLimit,207,0,0
AddLimit,207,0,0
AddLimit,225,0,0
AddLimit,224,0,0
AddLimit,221,0,0
AddLimit,224,0,0
AddLimit,211,0,0
AddLimit,215,0,0
AddLimit,215,0,0
AddLimit,214,0,0
AddLimit,213,0,0
AddLimit,205,0,0
AddLimit,212,0,0
AddLimit,212,0,0
AddLimit,216,0,0
AddLimit,211,0,0
AddLimit,202,0,0
AddLimit,204,0,0
AddLimit,241,0,0
AddLimit,216,0,0
AddLimit,215,0,0
AddLimit,197,0,0
AddLimit,203,0,0
AddLimit,242,0,0
AddLimit,207,0,0
AddLimit,201,0,0
AddLimit,200,0,0
AddLimit,219,0,0
AddLimit,216,0,0
AddLimit,233,0,0
AddLimit,246,0,0
AddLimit,225,0,0
AddLimit,224,0,0
AddLimit,204,0,0
AddLimit,241,0,0
AddLimit,226,0,0
AddLimit,205,0,0
AddLimit,204,0,0
AddLimit,205,0,0
AddLimit,217,0,0
AddLimit,215,0,0
AddLimit,211,0,0
AddLimit,208,0,0
AddLimit,213,0,0
AddLimit,203,0,0
AddLimit,206,0,0
AddLimit,207,0,0
AddLimit,229,0,0
AddLimit,214,0,0
AddLimit,208,0,0
AddLimit,208,0,0
AddLimit,205,0,0
AddLimit,210,0,0
AddLimit,201,0,0
AddLimit,201,0,0
AddLimit,213,0,0
AddLimit,203,0,0
AddLimit,198,0,0
AddLimit,238,0,0
AddLimit,1308,0,0
AddLimit,212,0,0
AddLimit,216,0,0
AddLimit,226,0,0
AddLimit,216,0,0
AddLimit,204,0,0
AddLimit,220,0,0
AddLimit,213,0,0
AddLimit,231,0,0
AddLimit,227,0,0
AddLimit,210,0,0
AddLimit,205,0,0
AddLimit,212,0,0
AddLimit,229,0,0
AddLimit,207,0,0
AddLimit,205,0,0
AddLimit,213,0,0
AddLimit,217,0,0
AddLimit,227,0,0
AddLimit,227,0,0
AddLimit,213,0,0
AddLimit,217,0,0
AddLimit,218,0,0
AddLimit,210,0,0
AddLimit,210,0,0
AddLimit,213,0,0
AddLimit,214,0,0
AddLimit,221,0,0
AddLimit,207,0,0
AddLimit,216,0,0
AddLimit,216,0,0
AddLimit,211,0,0
AddLimit,202,0,0
AddLimit,205,0,0
AddLimit,212,0,0
AddLimit,239,0,0
AddLimit,203,0,0
AddLimit,211,0,0
AddLimit,203,0,0
AddLimit,211,0,0
AddLimit,228,0,0
AddLimit,207,0,0
AddLimit,216,0,0
AddLimit,211,0,0
AddLimit,202,0,0
AddLimit,236,0,0
AddLimit,222,0,0
AddLimit,197,0,0
AddLimit,201,0,0
AddLimit,239,0,0
AddLimit,222,0,0
AddLimit,204,0,0
AddLimit,245,0,0
AddLimit,228,0,0
AddLimit,203,0,0
AddLimit,201,0,0
AddLimit,198,0,0
AddLimit,241,0,0
AddLimit,228,0,0
AddLimit,210,0,0
AddLimit,200,0,0
AddLimit,217,0,0
AddLimit,204,0,0
AddLimit,203,0,0
AddLimit,256,0,0
AddLimit,214,0,0
AddLimit,206,0,0
AddLimit,222,0,0
AddLimit,219,0,0
AddLimit,227,0,0
AddLimit,207,0,0
AddLimit,210,0,0
AddLimit,223,0,0
AddLimit,201,0,0
AddLimit,235,0,0
AddLimit,204,0,0
AddLimit,209,0,0
AddLimit,209,0,0
AddLimit,209,0,0
AddLimit,231,0,0
AddLimit,212,0,0
AddLimit,207,0,0
AddLimit,208,0,0
AddLimit,216,0,0
AddLimit,255,0,0
AddLimit,1274,0,0
AddLimit,216,0,0
AddLimit,221,0,0
AddLimit,212,0,0
AddLimit,222,0,0
AddLimit,219,0,0
AddLimit,222,0,0
AddLimit,215,0,0
AddLimit,209,0,0
AddLimit,217,0,0
AddLimit,227,0,0
AddLimit,209,0,0
AddLimit,218,0,0
AddLimit,248,0,0
AddLimit,221,0,0
AddLimit,219,0,0
AddLimit,214,0,0
AddLimit,208,0,0
AddLimit,211,0,0
AddLimit,210,0,0
AddLimit,214,0,0
AddLimit,214,0,0
AddLimit,208,0,0
AddLimit,218,0,0
AddLimit,209,0,0
AddLimit,206,0,0
AddLimit,222,0,0
AddLimit,200,0,0
AddLimit,205,0,0
AddLimit,202,0,0
AddLimit,203,0,0
AddLimit,218,0,0
AddLimit,199,0,0
AddLimit,201,0,0
AddLimit,224,0,0
AddLimit,223,0,0
AddLimit,212,0,0
AddLimit,224,0,0
AddLimit,210,0,0
AddLimit,242,0,0
AddLimit,213,0,0
AddLimit,208,0,0
AddLimit,216,0,0
AddLimit,226,0,0
AddLimit,198,0,0
AddLimit,213,0,0
AddLimit,219,0,0
AddLimit,222,0,0
AddLimit,214,0,0
AddLimit,199,0,0
AddLimit,210,0,0
AddLimit,196,0,0
AddLimit,240,0,0
AddLimit,204,0,0
AddLimit,222,0,0
AddLimit,223,0,0
AddLimit,226,0,0
AddLimit,217,0,0
AddLimit,196,0,0
AddLimit,219,0,0
AddLimit,207,0,0
AddLimit,232,0,0
AddLimit,213,0,0
AddLimit,202,0,0
AddLimit,206,0,0
AddLimit,201,0,0
AddLimit,222,0,0
AddLimit,232,0,0
AddLimit,219,0,0
AddLimit,226,0,0
AddLimit,217,0,0
AddLimit,230,0,0
AddLimit,213,0,0
AddLimit,211,0,0
AddLimit,222,0,0
AddLimit,220,0,0
AddLimit,217,0,0
AddLimit,258,0,0
AddLimit,221,0,0
AddLimit,211,0,0
AddLimit,213,0,0
AddLimit,213,0,0
AddLimit,206,0,0
AddLimit,245,0,0
AddLimit,217,0,0
AddLimit,1245,0,0
AddLimit,231,0,0
AddLimit,209,0,0
AddLimit,215,0,0
AddLimit,226,0,0
AddLimit,206,0,0
AddLimit,218,0,0
AddLimit,204,0,0
AddLimit,211,0,0
AddLimit,225,0,0
AddLimit,207,0,0
AddLimit,239,0,0
AddLimit,208,0,0
AddLimit,240,0,0
AddLimit,212,0,0
AddLimit,212,0,0
AddLimit,200,0,0
AddLimit,242,0,0
AddLimit,237,0,0
AddLimit,218,0,0
AddLimit,226,0,0
AddLimit,205,0,0
AddLimit,219,0,0
AddLimit,226,0,0
AddLimit,220,0,0
AddLimit,216,0,0
AddLimit,217,0,0
AddLimit,209,0,0
AddLimit,226,0,0
AddLimit,245,0,0
AddLimit,229,0,0
AddLimit,215,0,0
AddLimit,209,0,0
AddLimit,224,0,0
AddLimit,210,0,0
AddLimit,222,0,0
AddLimit,224,0,0
AddLimit,211,0,0
AddLimit,211,0,0
AddLimit,241,0,0
AddLimit,208,0,0
AddLimit,210,0,0
AddLimit,216,0,0
AddLimit,197,0,0
AddLimit,222,0,0
AddLimit,213,0,0
AddLimit,204,0,0
AddLimit,201,0,0
AddLimit,210,0,0
AddLimit,237,0,0
AddLimit,214,0,0
AddLimit,203,0,0
AddLimit,209,0,0
AddLimit,205,0,0
AddLimit,237,0,0
AddLimit,216,0,0
AddLimit,203,0,0
AddLimit,215,0,0
AddLimit,205,0,0
AddLimit,207,0,0
AddLimit,207,0,0
AddLimit,214,0,0
AddLimit,230,0,0
AddLimit,208,0,0
AddLimit,214,0,0
AddLimit,229,0,0
AddLimit,219,0,0
AddLimit,213,0,0
AddLimit,199,0,0
AddLimit,206,0,0
AddLimit,226,0,0
AddLimit,205,0,0
AddLimit,217,0,0
AddLimit,201,0,0
AddLimit,207,0,0
AddLimit,211,0,0
AddLimit,204,0,0
AddLimit,205,0,0
AddLimit,227,0,0
AddLimit,208,0,0
AddLimit,212,0,0
AddLimit,221,0,0
AddLimit,208,0,0
AddLimit,216,0,0
AddLimit,217,0,0
AddLimit,206,0,0
AddLimit,1189,0,0
AddLimit,219,0,0
AddLimit,219,0,0
AddLimit,233,0,0
AddLimit,226,0,0
AddLimit,214,0,0
AddLimit,222,0,0
AddLimit,216,0,0
AddLimit,212,0,0
AddLimit,247,0,0
AddLimit,214,0,0
AddLimit,212,0,0
AddLimit,213,0,0
AddLimit,215,0,0
AddLimit,208,0,0
AddLimit,234,0,0
AddLimit,205,0,0
AddLimit,221,0,0
AddLimit,220,0,0
AddLimit,216,0,0
AddLimit,214,0,0
AddLimit,214,0,0
AddLimit,207,0,0
AddLimit,217,0,0
AddLimit,208,0,0
AddLimit,210,0,0
AddLimit,212,0,0
AddLimit,215,0,0
AddLimit,256,0,0
AddLimit,213,0,0
AddLimit,213,0,0
AddLimit,223,0,0
AddLimit,210,0,0
AddLimit,219,0,0
AddLimit,230,0,0
AddLimit,233,0,0
AddLimit,193,0,0
AddLimit,199,0,0
AddLimit,204,0,0
AddLimit,221,0,0
AddLimit,216,0,0
AddLimit,238,0,0
AddLimit,207,0,0
AddLimit,219,0,0
AddLimit,209,0,0
AddLimit,212,0,0
AddLimit,213,0,0
AddLimit,222,0,0
AddLimit,212,0,0
AddLimit,207,0,0
AddLimit,202,0,0
AddLimit,225,0,0
AddLimit,199,0,0
AddLimit,208,0,0
AddLimit,225,0,0
AddLimit,219,0,0
AddLimit,212,0,0
AddLimit,224,0,0
AddLimit,209,0,0
AddLimit,210,0,0
AddLimit,224,0,0
AddLimit,206,0,0
AddLimit,212,0,0
AddLimit,208,0,0
AddLimit,209,0,0
AddLimit,213,0,0
AddLimit,205,0,0
AddLimit,243,0,0
AddLimit,211,0,0
AddLimit,207,0,0
AddLimit,223,0,0
AddLimit,230,0,0
AddLimit,206,0,0
AddLimit,229,0,0
AddLimit,223,0,0
AddLimit,215,0,0
AddLimit,209,0,0
AddLimit,207,0,0
AddLimit,222,0,0
AddLimit,216,0,0
AddLimit,218,0,0
AddLimit,203,0,0
AddLimit,222,0,0
AddLimit,203,0,0
AddLimit,208,0,0
AddLimit,1825,0,0
AddLimit,245,0,0
AddLimit,236,0,0
AddLimit,223,0,0
AddLimit,207,0,0
AddLimit,224,0,0
AddLimit,231,0,0
AddLimit,223,0,0
AddLimit,227,0,0
AddLimit,216,0,0
AddLimit,240,0,0
AddLimit,206,0,0
AddLimit,214,0,0
AddLimit,206,0,0
AddLimit,218,0,0
AddLimit,217,0,0
AddLimit,225,0,0
AddLimit,204,0,0
AddLimit,211,0,0
AddLimit,212,0,0
AddLimit,209,0,0
AddLimit,232,0,0
AddLimit,217,0,0
AddLimit,217,0,0
AddLimit,209,0,0
AddLimit,199,0,0
AddLimit,253,0,0
AddLimit,216,0,0
AddLimit,201,0,0
AddLimit,234,0,0
AddLimit,211,0,0
AddLimit,199,0,0
AddLimit,208,0,0
AddLimit,207,0,0
AddLimit,222,0,0
AddLimit,220,0,0
AddLimit,213,0,0
AddLimit,212,0,0
AddLimit,208,0,0
AddLimit,204,0,0
AddLimit,207,0,0
AddLimit,217,0,0
AddLimit,215,0,0
AddLimit,200,0,0
AddLimit,221,0,0
AddLimit,216,0,0
AddLimit,230,0,0
AddLimit,229,0,0
AddLimit,209,0,0
AddLimit,201,0,0
AddLimit,197,0,0
AddLimit,235,0,0
AddLimit,230,0,0
AddLimit,228,0,0
AddLimit,198,0,0
AddLimit,224,0,0
AddLimit,216,0,0
AddLimit,211,0,0
AddLimit,219,0,0
AddLimit,227,0,0
AddLimit,212,0,0
AddLimit,212,0,0
AddLimit,205,0,0
AddLimit,224,0,0
AddLimit,207,0,0
AddLimit,215,0,0
AddLimit,208,0,0
AddLimit,216,0,0
AddLimit,213,0,0
AddLimit,211,0,0
AddLimit,214,0,0
AddLimit,212,0,0
AddLimit,206,0,0
AddLimit,211,0,0
AddLimit,212,0,0
AddLimit,203,0,0
AddLimit,207,0,0
AddLimit,227,0,0
AddLimit,216,0,0
AddLimit,211,0,0
AddLimit,215,0,0
AddLimit,216,0,0
AddLimit,232,0,0
AddLimit,213,0,0
AddLimit,210,0,0
AddLimit,1294,0,0
AddLimit,234,0,0
AddLimit,219,0,0
AddLimit,213,0,0
AddLimit,242,0,0
AddLimit,221,0,0
AddLimit,214,0,0
AddLimit,207,0,0
AddLimit,203,0,0
AddLimit,201,0,0
AddLimit,225,0,0
AddLimit,203,0,0
AddLimit,219,0,0
AddLimit,214,0,0
AddLimit,233,0,0
AddLimit,236,0,0
AddLimit,213,0,0
AddLimit,221,0,0
AddLimit,214,0,0
AddLimit,219,0,0
AddLimit,210,0,0
AddLimit,226,0,0
AddLimit,206,0,0
AddLimit,219,0,0
AddLimit,215,0,0
AddLimit,215,0,0
AddLimit,219,0,0
AddLimit,226,0,0
AddLimit,210,0,0
AddLimit,217,0,0
AddLimit,210,0,0
AddLimit,219,0,0
AddLimit,215,0,0
AddLimit,219,0,0
AddLimit,206,0,0
AddLimit,216,0,0
AddLimit,214,0,0
AddLimit,206,0,0
AddLimit,228,0,0
AddLimit,218,0,0
AddLimit,211,0,0
AddLimit,213,0,0
AddLimit,222,0,0
AddLimit,209,0,0
AddLimit,225,0,0
AddLimit,206,0,0
AddLimit,203,0,0
AddLimit,224,0,0
AddLimit,200,0,0
AddLimit,202,0,0
AddLimit,204,0,0
AddLimit,203,0,0
AddLimit,198,0,0
AddLimit,238,0,0
AddLimit,202,0,0
AddLimit,197,0,0
AddLimit,228,0,0
AddLimit,219,0,0
AddLimit,218,0,0
AddLimit,196,0,0
AddLimit,194,0,0
AddLimit,204,0,0
AddLimit,241,0,0
AddLimit,226,0,0
AddLimit,193,0,0
AddLimit,202,0,0
AddLimit,219,0,0
AddLimit,219,0,0
AddLimit,212,0,0
AddLimit,215,0,0
AddLimit,206,0,0
AddLimit,209,0,0
AddLimit,208,0,0
AddLimit,204,0,0
AddLimit,216,0,0
AddLimit,208,0,0
AddLimit,212,0,0
AddLimit,234,0,0
AddLimit,215,0,0
AddLimit,246,0,0
AddLimit,209,0,0
AddLimit,203,0,0
AddLimit,216,0,0
AddLimit,209,0,0
AddLimit,219,0,0
AddLimit,211,0,0
AddLimit,2160,0,0
AddLimit,228,0,0
AddLimit,210,0,0
AddLimit,217,0,0
AddLimit,198,0,0
AddLimit,229,0,0
AddLimit,225,0,0
AddLimit,235,0,0
AddLimit,228,0,0
AddLimit,205,0,0
AddLimit,222,0,0
AddLimit,208,0,0
AddLimit,218,0,0
AddLimit,223,0,0
AddLimit,226,0,0
AddLimit,204,0,0
AddLimit,205,0,0
AddLimit,225,0,0
AddLimit,205,0,0
AddLimit,225,0,0
AddLimit,208,0,0
AddLimit,214,0,0
AddLimit,224,0,0
AddLimit,209,0,0
AddLimit,201,0,0
AddLimit,249,0,0
AddLimit,201,0,0
AddLimit,207,0,0
AddLimit,198,0,0
AddLimit,196,0,0
AddLimit,210,0,0
AddLimit,241,0,0
AddLimit,214,0,0
AddLimit,220,0,0
AddLimit,231,0,0
AddLimit,201,0,0
AddLimit,222,0,0
AddLimit,209,0,0
AddLimit,236,0,0
AddLimit,196,0,0
AddLimit,216,0,0
AddLimit,197,0,0
AddLimit,209,0,0
AddLimit,238,0,0
AddLimit,200,0,0
AddLimit,206,0,0
AddLimit,235,0,0
AddLimit,201,0,0
AddLimit,196,0,0
AddLimit,222,0,0
AddLimit,198,0,0
AddLimit,238,0,0
AddLimit,199,0,0
AddLimit,217,0,0
AddLimit,205,0,0
AddLimit,198,0,0
AddLimit,240,0,0
AddLimit,197,0,0
AddLimit,200,0,0
AddLimit,252,0,0
AddLimit,198,0,0
AddLimit,203,0,0
AddLimit,221,0,0
AddLimit,214,0,0
AddLimit,235,0,0
AddLimit,220,0,0
AddLimit,216,0,0
AddLimit,221,0,0
AddLimit,206,0,0
AddLimit,205,0,0
AddLimit,210,0,0
AddLimit,222,0,0
AddLimit,218,0,0
AddLimit,203,0,0
AddLimit,212,0,0
AddLimit,223,0,0
AddLimit,204,0,0
AddLimit,207,0,0
AddLimit,208,0,0
AddLimit,211,0,0
AddLimit,201,0,0
AddLimit,210,0,0
AddLimit,204,0,0
AddLimit,239,0,0
AddLimit,227,0,0
AddLimit,1096,0,0
AddLimit,224,0,0
AddLimit,219,0,0
AddLimit,229,0,0
AddLimit,215,0,0
AddLimit,245,0,0
AddLimit,217,0,0
AddLimit,210,0,0
AddLimit,247,0,0
AddLimit,235,0,0
AddLimit,234,0,0
AddLimit,233,0,0
AddLimit,244,0,0
AddLimit,221,0,0
AddLimit,211,0,0
AddLimit,209,0,0
AddLimit,225,0,0
AddLimit,222,0,0
AddLimit,210,0,0
AddLimit,201,0,0
AddLimit,228,0,0
AddLimit,217,0,0
AddLimit,230,0,0
AddLimit,224,0,0
AddLimit,209,0,0
AddLimit,224,0,0
AddLimit,213,0,0
AddLimit,216,0,0
AddLimit,212,0,0
AddLimit,204,0,0
AddLimit,220,0,0
AddLimit,206,0,0
AddLimit,229,0,0
AddLimit,216,0,0
AddLimit,214,0,0
AddLimit,219,0,0
AddLimit,216,0,0
AddLimit,207,0,0
AddLimit,210,0,0
AddLimit,208,0,0
AddLimit,225,0,0
AddLimit,210,0,0
AddLimit,219,0,0
AddLimit,220,0,0
AddLimit,207,0,0
AddLimit,200,0,0
AddLimit,220,0,0
AddLimit,228,0,0
AddLimit,206,0,0
AddLimit,203,0,0
AddLimit,206,0,0
AddLimit,225,0,0
AddLimit,212,0,0
AddLimit,215,0,0
AddLimit,210,0,0
AddLimit,225,0,0
AddLimit,210,0,0
AddLimit,225,0,0
AddLimit,229,0,0
AddLimit,207,0,0
AddLimit,209,0,0
AddLimit,207,0,0
AddLimit,203,0,0
AddLimit,209,0,0
AddLimit,208,0,0
AddLimit,210,0,0
AddLimit,211,0,0
AddLimit,217,0,0
AddLimit,244,0,0
AddLimit,218,0,0
AddLimit,210,0,0
AddLimit,204,0,0
AddLimit,219,0,0
AddLimit,193,0,0
AddLimit,217,0,0
AddLimit,222,0,0
AddLimit,203,0,0
AddLimit,232,0,0
AddLimit,261,0,0
AddLimit,210,0,0
AddLimit,236,0,0
AddLimit,210,0,0
AddLimit,212,0,0
AddLimit,214,0,0
AddLimit,230,0,0
AddLimit,1200,0,0
AddLimit,212,0,0
AddLimit,224,0,0
AddLimit,210,0,0
AddLimit,223,0,0
AddLimit,213,0,0
AddLimit,205,0,0
AddLimit,224,0,0
AddLimit,253,0,0
AddLimit,220,0,0
AddLimit,220,0,0
AddLimit,228,0,0
AddLimit,210,0,0
AddLimit,218,0,0
AddLimit,220,0,0
AddLimit,234,0,0
AddLimit,212,0,0
AddLimit,206,0,0
AddLimit,208,0,0
AddLimit,205,0,0
AddLimit,216,0,0
AddLimit,204,0,0
AddLimit,206,0,0
AddLimit,229,0,0
AddLimit,220,0,0
AddLimit,219,0,0
AddLimit,207,0,0
AddLimit,218,0,0
AddLimit,243,0,0
AddLimit,211,0,0
AddLimit,220,0,0
AddLimit,199,0,0
AddLimit,216,0,0
AddLimit,209,0,0
AddLimit,208,0,0
AddLimit,213,0,0
AddLimit,205,0,0
AddLimit,211,0,0
AddLimit,213,0,0
AddLimit,203,0,0
AddLimit,203,0,0
AddLimit,213,0,0
AddLimit,213,0,0
AddLimit,217,0,0
AddLimit,212,0,0
AddLimit,225,0,0
AddLimit,219,0,0
AddLimit,224,0,0
AddLimit,195,0,0
AddLimit,221,0,0
AddLimit,212,0,0
AddLimit,210,0,0
AddLimit,200,0,0
AddLimit,196,0,0
AddLimit,232,0,0
AddLimit,203,0,0
AddLimit,221,0,0
AddLimit,225,0,0
AddLimit,214,0,0
AddLimit,226,0,0
AddLimit,204,0,0
AddLimit,214,0,0
AddLimit,212,0,0
AddLimit,217,0,0
AddLimit,208,0,0
AddLimit,205,0,0
AddLimit,212,0,0
AddLimit,215,0,0
AddLimit,215,0,0
AddLimit,231,0,0
AddLimit,221,0,0
AddLimit,213,0,0
AddLimit,223,0,0
AddLimit,218,0,0
AddLimit,204,0,0
AddLimit,219,0,0
AddLimit,211,0,0
AddLimit,206,0,0
AddLimit,203,0,0
AddLimit,251,0,0
AddLimit,215,0,0
AddLimit,214,0,0
AddLimit,218,0,0
AddLimit,202,0,0
AddLimit,221,0,0
AddLimit,210,0,0
AddLimit,1144,0,0
AddLimit,222,0,0
AddLimit,212,0,0
AddLimit,217,0,0
AddLimit,214,0,0
AddLimit,220,0,0
AddLimit,228,0,0
AddLimit,220,0,0
AddLimit,216,0,0
AddLimit,221,0,0
AddLimit,229,0,0
AddLimit,220,0,0
AddLimit,220,0,0
AddLimit,205,0,0
AddLimit,214,0,0
AddLimit,204,0,0
AddLimit,220,0,0
AddLimit,219,0,0
AddLimit,237,0,0
AddLimit,206,0,0
AddLimit,205,0,0
AddLimit,220,0,0
AddLimit,211,0,0
AddLimit,210,0,0
AddLimit,215,0,0
AddLimit,226,0,0
AddLimit,208,0,0
AddLimit,210,0,0
AddLimit,211,0,0
AddLimit,222,0,0
AddLimit,213,0,0
AddLimit,219,0,0
AddLimit,211,0,0
AddLimit,226,0,0
AddLimit,212,0,0
AddLimit,238,0,0
AddLimit,217,0,0
AddLimit,213,0,0
AddLimit,216,0,0
AddLimit,211,0,0
AddLimit,212,0,0
AddLimit,212,0,0
AddLimit,213,0,0
AddLimit,1686,0,0
AddLimit,226,0,0
AddLimit,223,0,0
AddLimit,224,0,0
AddLimit,210,0,0
AddLimit,236,0,0
AddLimit,217,0,0
AddLimit,211,0,0
AddLimit,212,0,0
AddLimit,208,0,0
AddLimit,213,0,0
AddLimit,242,0,0
AddLimit,212,0,0
AddLimit,207,0,0
AddLimit,208,0,0
AddLimit,227,0,0
AddLimit,213,0,0
AddLimit,210,0,0
AddLimit,218,0,0
AddLimit,202,0,0
AddLimit,207,0,0
AddLimit,203,0,0
AddLimit,209,0,0
AddLimit,225,0,0
AddLimit,226,0,0
AddLimit,228,0,0
AddLimit,210,0,0
AddLimit,226,0,0
AddLimit,228,0,0
AddLimit,197,0,0
AddLimit,223,0,0
AddLimit,220,0,0
AddLimit,208,0,0
AddLimit,199,0,0
AddLimit,231,0,0
AddLimit,214,0,0
AddLimit,219,0,0
AddLimit,227,0,0
AddLimit,210,0,0
AddLimit,219,0,0
AddLimit,209,0,0
AddLimit,201,0,0
AddLimit,1257,0,0
AddLimit,238,0,0
AddLimit,203,0,0
AddLimit,236,0,0
AddLimit,228,0,0
AddLimit,213,0,0
AddLimit,222,0,0
AddLimit,215,0,0
AddLimit,216,0,0
AddLimit,225,0,0
AddLimit,226,0,0
AddLimit,206,0,0
AddLimit,243,0,0
AddLimit,206,0,0
AddLimit,223,0,0
AddLimit,202,0,0
AddLimit,228,0,0
AddLimit,205,0,0
AddLimit,265,0,0
AddLimit,235,0,0
AddLimit,223,0,0
AddLimit,242,0,0
AddLimit,205,0,0
AddLimit,198,0,0
AddLimit,199,0,0
AddLimit,202,0,0
AddLimit,216,0,0
AddLimit,220,0,0
AddLimit,201,0,0
AddLimit,209,0,0
AddLimit,206,0,0
AddLimit,200,0,0
AddLimit,206,0,0
AddLimit,203,0,0
AddLimit,209,0,0
AddLimit,205,0,0
AddLimit,227,0,0
AddLimit,217,0,0
AddLimit,207,0,0
AddLimit,213,0,0
AddLimit,201,0,0
AddLimit,218,0,0
AddLimit,240,0,0
AddLimit,215,0,0
AddLimit,207,0,0
AddLimit,204,0,0
AddLimit,204,0,0
AddLimit,222,0,0
AddLimit,206,0,0
AddLimit,203,0,0
AddLimit,223,0,0
AddLimit,199,0,0
AddLimit,224,0,0
AddLimit,214,0,0
AddLimit,213,0,0
AddLimit,222,0,0
AddLimit,221,0,0
AddLimit,210,0,0
AddLimit,221,0,0
AddLimit,219,0,0
AddLimit,215,0,0
AddLimit,207,0,0
AddLimit,229,0,0
AddLimit,208,0,0
AddLimit,210,0,0
AddLimit,202,0,0
AddLimit,214,0,0
AddLimit,211,0,0
AddLimit,212,0,0
AddLimit,211,0,0
AddLimit,238,0,0
AddLimit,214,0,0
AddLimit,210,0,0
AddLimit,227,0,0
AddLimit,232,0,0
AddLimit,224,0,0
AddLimit,238,0,0
AddLimit,216,0,0
AddLimit,211,0,0
AddLimit,214,0,0
AddLimit,216,0,0
AddLimit,231,0,0
AddLimit,210,0,0
AddLimit,213,0,0
AddLimit,215,0,0
AddLimit,1283,0,0
AddLimit,220,0,0
AddLimit,234,0,0
AddLimit,214,0,0
AddLimit,227,0,0
AddLimit,208,0,0
AddLimit,238,0,0
AddLimit,232,0,0
AddLimit,237,0,0
AddLimit,220,0,0
AddLimit,225,0,0
AddLimit,221,0,0
AddLimit,221,0,0
AddLimit,232,0,0
AddLimit,214,0,0
AddLimit,207,0,0
AddLimit,217,0,0
AddLimit,224,0,0
AddLimit,227,0,0
AddLimit,218,0,0
AddLimit,226,0,0
AddLimit,218,0,0
AddLimit,209,0,0
AddLimit,227,0,0
AddLimit,215,0,0
AddLimit,242,0,0
AddLimit,233,0,0
AddLimit,224,0,0
AddLimit,225,0,0
AddLimit,209,0,0
AddLimit,229,0,0
AddLimit,212,0,0
AddLimit,213,0,0
AddLimit,235,0,0
AddLimit,215,0,0
AddLimit,232,0,0
AddLimit,219,0,0
AddLimit,210,0,0
AddLimit,222,0,0
AddLimit,207,0,0
AddLimit,217,0,0
AddLimit,260,0,0
AddLimit,215,0,0
AddLimit,224,0,0
AddLimit,215,0,0
AddLimit,220,0,0
AddLimit,214,0,0
AddLimit,223,0,0
AddLimit,236,0,0
AddLimit,199,0,0
AddLimit,224,0,0
AddLimit,200,0,0
AddLimit,202,0,0
AddLimit,215,0,0
AddLimit,226,0,0
AddLimit,213,0,0
AddLimit,220,0,0
AddLimit,214,0,0
AddLimit,207,0,0
AddLimit,226,0,0
AddLimit,211,0,0
AddLimit,218,0,0
AddLimit,214,0,0
AddLimit,214,0,0
AddLimit,208,0,0
AddLimit,214,0,0
AddLimit,213,0,0
AddLimit,222,0,0
AddLimit,223,0,0
AddLimit,223,0,0
AddLimit,202,0,0
AddLimit,222,0,0
AddLimit,210,0,0
AddLimit,210,0,0
AddLimit,227,0,0
AddLimit,199,0,0
AddLimit,243,0,0
AddLimit,242,0,0
AddLimit,198,0,0
AddLimit,223,0,0
AddLimit,236,0,0
AddLimit,204,0,0
AddLimit,240,0,0
AddLimit,220,0,0
AddLimit,226,0,0
AddLimit,219,0,0
AddLimit,1187,0,0
AddLimit,232,0,0
AddLimit,215,0,0
AddLimit,212,0,0
AddLimit,226,0,0
AddLimit,226,0,0
AddLimit,263,0,0
AddLimit,209,0,0
AddLimit,213,0,0
AddLimit,202,0,0
AddLimit,232,0,0
AddLimit,207,0,0
AddLimit,238,0,0
AddLimit,208,0,0
AddLimit,205,0,0
AddLimit,199,0,0
AddLimit,218,0,0
AddLimit,222,0,0
AddLimit,224,0,0
AddLimit,198,0,0
AddLimit,206,0,0
AddLimit,237,0,0
AddLimit,228,0,0
AddLimit,245,0,0
AddLimit,218,0,0
AddLimit,216,0,0
AddLimit,210,0,0
AddLimit,197,0,0
AddLimit,197,0,0
AddLimit,222,0,0
AddLimit,226,0,0
AddLimit,206,0,0
AddLimit,220,0,0
AddLimit,207,0,0
AddLimit,197,0,0
AddLimit,253,0,0
AddLimit,207,0,0
AddLimit,201,0,0
AddLimit,206,0,0
AddLimit,211,0,0
AddLimit,224,0,0
AddLimit,214,0,0
AddLimit,214,0,0
AddLimit,227,0,0
AddLimit,203,0,0
AddLimit,213,0,0
AddLimit,210,0,0
AddLimit,209,0,0
AddLimit,210,0,0
AddLimit,208,0,0
AddLimit,201,0,0
AddLimit,210,0,0
AddLimit,204,0,0
AddLimit,203,0,0
AddLimit,207,0,0
AddLimit,215,0,0
AddLimit,213,0,0
AddLimit,235,0,0
AddLimit,209,0,0
AddLimit,206,0,0
AddLimit,208,0,0
AddLimit,203,0,0
AddLimit,225,0,0
AddLimit,210,0,0
AddLimit,214,0,0
AddLimit,223,0,0
AddLimit,213,0,0
AddLimit,213,0,0
AddLimit,217,0,0
AddLimit,207,0,0
AddLimit,225,0,0
AddLimit,215,0,0
AddLimit,226,0,0
AddLimit,212,0,0
AddLimit,202,0,0
AddLimit,222,0,0
AddLimit,207,0,0
AddLimit,218,0,0
AddLimit,206,0,0
AddLimit,223,0,0
AddLimit,210,0,0
AddLimit,212,0,0
AddLimit,206,0,0
AddLimit,207,0,0
AddLimit,210,0,0
AddLimit,1152,0,0
AddLimit,226,0,0
AddLimit,220,0,0
AddLimit,218,0,0
AddLimit,213,0,0
AddLimit,211,0,0
AddLimit,219,0,0
AddLimit,213,0,0
AddLimit,209,0,0
AddLimit,206,0,0
AddLimit,258,0,0
AddLimit,213,0,0
AddLimit,216,0,0
AddLimit,225,0,0
AddLimit,215,0,0
AddLimit,226,0,0
AddLimit,211,0,0
AddLimit,205,0,0
AddLimit,229,0,0
AddLimit,239,0,0
AddLimit,211,0,0
AddLimit,216,0,0
AddLimit,236,0,0
AddLimit,230,0,0
AddLimit,223,0,0
AddLimit,202,0,0
AddLimit,191,0,0
AddLimit,206,0,0
AddLimit,203,0,0
AddLimit,243,0,0
AddLimit,224,0,0
AddLimit,215,0,0
AddLimit,205,0,0
AddLimit,199,0,0
AddLimit,199,0,0
AddLimit,231,0,0
AddLimit,231,0,0
AddLimit,203,0,0
AddLimit,224,0,0
AddLimit,237,0,0
AddLimit,202,0,0
AddLimit,201,0,0
AddLimit,245,0,0
AddLimit,229,0,0
AddLimit,215,0,0
AddLimit,221,0,0
AddLimit,209,0,0
AddLimit,212,0,0
AddLimit,221,0,0
AddLimit,205,0,0
AddLimit,203,0,0
AddLimit,215,0,0
AddLimit,236,0,0
AddLimit,216,0,0
AddLimit,215,0,0
AddLimit,235,0,0
AddLimit,204,0,0
AddLimit,204,0,0
AddLimit,218,0,0
AddLimit,198,0,0
AddLimit,228,0,0
AddLimit,238,0,0
AddLimit,206,0,0
AddLimit,234,0,0
AddLimit,223,0,0
AddLimit,224,0,0
AddLimit,209,0,0
AddLimit,204,0,0
AddLimit,216,0,0
AddLimit,218,0,0
AddLimit,212,0,0
AddLimit,212,0,0
AddLimit,209,0,0
AddLimit,221,0,0
AddLimit,215,0,0
AddLimit,212,0,0
AddLimit,205,0,0
AddLimit,213,0,0
AddLimit,220,0,0
AddLimit,228,0,0
AddLimit,209,0,0
AddLimit,237,0,0
AddLimit,222,0,0
AddLimit,218,0,0
AddLimit,213,0,0
AddLimit,1241,0,0
AddLimit,217,0,0
AddLimit,231,0,0
AddLimit,224,0,0
AddLimit,226,0,0
AddLimit,220,0,0
AddLimit,214,0,0
AddLimit,210,0,0
AddLimit,206,0,0
AddLimit,224,0,0
AddLimit,223,0,0
AddLimit,229,0,0
AddLimit,218,0,0
AddLimit,209,0,0
AddLimit,212,0,0
AddLimit,213,0,0
AddLimit,229,0,0
AddLimit,208,0,0
AddLimit,202,0,0
AddLimit,210,0,0
AddLimit,212,0,0
AddLimit,228,0,0
AddLimit,227,0,0
AddLimit,225,0,0
AddLimit,216,0,0
AddLimit,213,0,0
AddLimit,191,0,0
AddLimit,213,0,0
AddLimit,228,0,0
AddLimit,222,0,0
AddLimit,197,0,0
AddLimit,219,0,0
AddLimit,205,0,0
AddLimit,240,0,0
AddLimit,210,0,0
AddLimit,226,0,0
AddLimit,204,0,0
AddLimit,192,0,0
AddLimit,249,0,0
AddLimit,210,0,0
AddLimit,234,0,0
AddLimit,202,0,0
AddLimit,204,0,0
AddLimit,222,0,0
AddLimit,208,0,0
AddLimit,239,0,0
AddLimit,211,0,0
AddLimit,206,0,0
AddLimit,211,0,0
AddLimit,231,0,0
AddLimit,206,0,0
AddLimit,202,0,0
AddLimit,204,0,0
AddLimit,212,0,0
AddLimit,209,0,0
AddLimit,213,0,0
AddLimit,206,0,0
AddLimit,214,0,0
AddLimit,249,0,0
AddLimit,204,0,0
AddLimit,208,0,0
AddLimit,208,0,0
AddLimit,206,0,0
AddLimit,230,0,0
AddLimit,198,0,0
AddLimit,219,0,0
AddLimit,236,0,0
AddLimit,212,0,0
AddLimit,244,0,0
AddLimit,221,0,0
AddLimit,203,0,0
AddLimit,203,0,0
AddLimit,213,0,0
AddLimit,223,0,0
AddLimit,211,0,0
AddLimit,221,0,0
AddLimit,216,0,0
AddLimit,209,0,0
AddLimit,225,0,0
AddLimit,204,0,0
AddLimit,208,0,0
AddLimit,208,0,0
AddLimit,216,0,0
AddLimit,218,0,0
AddLimit,213,0,0
AddLimit,208,0,0
AddLimit,1327,0,0
AddLimit,235,0,0
AddLimit,210,0,0
AddLimit,203,0,0
AddLimit,199,0,0
AddLimit,223,0,0
AddLimit,219,0,0
AddLimit,230,0,0
AddLimit,219,0,0
AddLimit,229,0,0
AddLimit,202,0,0
AddLimit,226,0,0
AddLimit,223,0,0
AddLimit,203,0,0
AddLimit,204,0,0
AddLimit,219,0,0
AddLimit,223,0,0
AddLimit,214,0,0
AddLimit,204,0,0
AddLimit,204,0,0
AddLimit,196,0,0
AddLimit,209,0,0
AddLimit,212,0,0
AddLimit,200,0,0
AddLimit,211,0,0
AddLimit,220,0,0
AddLimit,222,0,0
AddLimit,219,0,0
AddLimit,226,0,0
AddLimit,227,0,0
AddLimit,203,0,0
AddLimit,220,0,0
AddLimit,210,0,0
AddLimit,229,0,0
AddLimit,205,0,0
AddLimit,211,0,0
AddLimit,214,0,0
AddLimit,210,0,0
AddLimit,207,0,0
AddLimit,222,0,0
AddLimit,209,0,0
AddLimit,204,0,0
AddLimit,205,0,0
AddLimit,202,0,0
AddLimit,230,0,0
AddLimit,200,0,0
AddLimit,199,0,0
AddLimit,225,0,0
AddLimit,196,0,0
AddLimit,256,0,0
AddLimit,209,0,0
AddLimit,224,0,0
AddLimit,197,0,0
AddLimit,228,0,0
AddLimit,219,0,0
AddLimit,207,0,0
AddLimit,214,0,0
AddLimit,221,0,0
AddLimit,207,0,0
AddLimit,212,0,0
AddLimit,205,0,0
AddLimit,203,0,0
AddLimit,202,0,0
AddLimit,236,0,0
AddLimit,205,0,0
AddLimit,234,0,0
AddLimit,224,0,0
AddLimit,223,0,0
AddLimit,199,0,0
AddLimit,206,0,0
AddLimit,203,0,0
AddLimit,226,0,0
AddLimit,229,0,0
AddLimit,222,0,0
AddLimit,218,0,0
AddLimit,218,0,0
AddLimit,210,0,0
AddLimit,225,0,0
AddLimit,209,0,0
AddLimit,203,0,0
AddLimit,206,0,0
AddLimit,212,0,0
AddLimit,219,0,0
AddLimit,198,0,0
AddLimit,218,0,0
AddLimit,1200,0,0
AddLimit,224,0,0
AddLimit,231,0,0
AddLimit,207,0,0
AddLimit,216,0,0
AddLimit,206,0,0
AddLimit,224,0,0
AddLimit,205,0,0
AddLimit,243,0,0
AddLimit,216,0,0
AddLimit,247,0,0
AddLimit,223,0,0
AddLimit,196,0,0
AddLimit,224,0,0
AddLimit,232,0,0
AddLimit,207,0,0
AddLimit,225,0,0
AddLimit,222,0,0
AddLimit,215,0,0
AddLimit,229,0,0
AddLimit,204,0,0
AddLimit,226,0,0
AddLimit,211,0,0
AddLimit,214,0,0
AddLimit,223,0,0
AddLimit,205,0,0
AddLimit,199,0,0
AddLimit,208,0,0
AddLimit,207,0,0
AddLimit,237,0,0
AddLimit,218,0,0
AddLimit,239,0,0
AddLimit,211,0,0
AddLimit,209,0,0
AddLimit,201,0,0
AddLimit,215,0,0
AddLimit,196,0,0
AddLimit,205,0,0
AddLimit,234,0,0
AddLimit,229,0,0
AddLimit,219,0,0
AddLimit,214,0,0
AddLimit,215,0,0
AddLimit,210,0,0
AddLimit,215,0,0
AddLimit,211,0,0
AddLimit,227,0,0
AddLimit,221,0,0
AddLimit,213,0,0
AddLimit,223,0,0
AddLimit,212,0,0
AddLimit,205,0,0
AddLimit,206,0,0
AddLimit,218,0,0
AddLimit,208,0,0
AddLimit,206,0,0
AddLimit,240,0,0
AddLimit,219,0,0
AddLimit,204,0,0
AddLimit,204,0,0
AddLimit,209,0,0
AddLimit,207,0,0
AddLimit,212,0,0
AddLimit,205,0,0
AddLimit,218,0,0
AddLimit,205,0,0
AddLimit,206,0,0
AddLimit,222,0,0
AddLimit,215,0,0
AddLimit,208,0,0
AddLimit,207,0,0
AddLimit,218,0,0
AddLimit,233,0,0
AddLimit,209,0,0
AddLimit,202,0,0
AddLimit,202,0,0
AddLimit,216,0,0
AddLimit,204,0,0
AddLimit,207,0,0
AddLimit,203,0,0
AddLimit,206,0,0
AddLimit,205,0,0
AddLimit,206,0,0
AddLimit,221,0,0
AddLimit,203,0,0
AddLimit,2220,0,0
AddLimit,233,0,0
AddLimit,213,0,0
AddLimit,210,0,0
AddLimit,214,0,0
AddLimit,206,0,0
AddLimit,212,0,0
AddLimit,227,0,0
AddLimit,222,0,0
AddLimit,224,0,0
AddLimit,218,0,0
AddLimit,209,0,0
AddLimit,214,0,0
AddLimit,211,0,0
AddLimit,213,0,0
AddLimit,209,0,0
AddLimit,215,0,0
AddLimit,207,0,0
AddLimit,204,0,0
AddLimit,212,0,0
AddLimit,239,0,0
AddLimit,212,0,0
AddLimit,198,0,0
AddLimit,194,0,0
AddLimit,214,0,0
AddLimit,208,0,0
AddLimit,206,0,0
AddLimit,201,0,0
AddLimit,223,0,0
AddLimit,222,0,0
AddLimit,212,0,0
AddLimit,215,0,0
AddLimit,229,0,0
AddLimit,216,0,0
AddLimit,199,0,0
AddLimit,217,0,0
AddLimit,225,0,0
AddLimit,211,0,0
AddLimit,216,0,0
AddLimit,209,0,0
AddLimit,212,0,0
AddLimit,218,0,0
AddLimit,215,0,0
AddLimit,213,0,0
AddLimit,208,0,0
AddLimit,221,0,0
AddLimit,225,0,0
AddLimit,205,0,0
AddLimit,210,0,0
AddLimit,213,0,0
AddLimit,212,0,0
AddLimit,213,0,0
AddLimit,219,0,0
AddLimit,222,0,0
AddLimit,216,0,0
AddLimit,208,0,0
AddLimit,218,0,0
AddLimit,204,0,0
AddLimit,210,0,0
AddLimit,213,0,0
AddLimit,194,0,0
AddLimit,194,0,0
AddLimit,196,0,0
AddLimit,204,0,0
AddLimit,222,0,0
AddLimit,197,0,0
AddLimit,216,0,0
AddLimit,213,0,0
AddLimit,223,0,0
AddLimit,194,0,0
AddLimit,195,0,0
AddLimit,198,0,0
AddLimit,214,0,0
AddLimit,215,0,0
AddLimit,210,0,0
AddLimit,192,0,0
AddLimit,193,0,0
AddLimit,216,0,0
AddLimit,227,0,0
AddLimit,217,0,0
AddLimit,216,0,0
AddLimit,219,0,0
AddLimit,205,0,0
AddLimit,202,0,0
AddLimit,214,0,0
AddLimit,205,0,0
AddLimit,1099,0,0
AddLimit,238,0,0
AddLimit,227,0,0
AddLimit,215,0,0
AddLimit,226,0,0
AddLimit,224,0,0
AddLimit,206,0,0
AddLimit,211,0,0
AddLimit,208,0,0
AddLimit,198,0,0
AddLimit,225,0,0
AddLimit,197,0,0
AddLimit,213,0,0
AddLimit,200,0,0
AddLimit,194,0,0
AddLimit,193,0,0
AddLimit,212,0,0
AddLimit,216,0,0
AddLimit,195,0,0
AddLimit,195,0,0
AddLimit,215,0,0
AddLimit,224,0,0
AddLimit,219,0,0
AddLimit,221,0,0
AddLimit,227,0,0
AddLimit,206,0,0
AddLimit,198,0,0
AddLimit,196,0,0
AddLimit,216,0,0
AddLimit,233,0,0
AddLimit,223,0,0
AddLimit,213,0,0
AddLimit,206,0,0
AddLimit,211,0,0
AddLimit,239,0,0
AddLimit,213,0,0
AddLimit,229,0,0
AddLimit,206,0,0
AddLimit,218,0,0
AddLimit,206,0,0
AddLimit,218,0,0
AddLimit,208,0,0
AddLimit,203,0,0
AddLimit,212,0,0
AddLimit,206,0,0
AddLimit,248,0,0
AddLimit,207,0,0
AddLimit,224,0,0
AddLimit,216,0,0
AddLimit,215,0,0
AddLimit,222,0,0
AddLimit,215,0,0
AddLimit,211,0,0
AddLimit,199,0,0
AddLimit,197,0,0
AddLimit,227,0,0
AddLimit,199,0,0
AddLimit,217,0,0
AddLimit,221,0,0
AddLimit,211,0,0
AddLimit,218,0,0
AddLimit,200,0,0
AddLimit,205,0,0
AddLimit,206,0,0
AddLimit,213,0,0
AddLimit,224,0,0
AddLimit,210,0,0
AddLimit,235,0,0
AddLimit,218,0,0
AddLimit,209,0,0
AddLimit,245,0,0
AddLimit,217,0,0
AddLimit,208,0,0
AddLimit,203,0,0
AddLimit,225,0,0
AddLimit,218,0,0
AddLimit,224,0,0
AddLimit,206,0,0
AddLimit,230,0,0
AddLimit,250,0,0
AddLimit,230,0,0
AddLimit,208,0,0
AddLimit,207,0,0
AddLimit,211,0,0
AddLimit,235,0,0
AddLimit,1159,0,0
AddLimit,225,0,0
AddLimit,226,0,0
AddLimit,211,0,0
AddLimit,221,0,0
AddLimit,216,0,0
AddLimit,210,0,0
AddLimit,206,0,0
AddLimit,212,0,0
AddLimit,242,0,0
AddLimit,237,0,0
AddLimit,230,0,0
AddLimit,206,0,0
AddLimit,229,0,0
AddLimit,212,0,0
AddLimit,203,0,0
AddLimit,223,0,0
AddLimit,218,0,0
AddLimit,220,0,0
AddLimit,227,0,0
AddLimit,209,0,0
AddLimit,214,0,0
AddLimit,216,0,0
AddLimit,233,0,0
AddLimit,241,0,0
AddLimit,224,0,0
AddLimit,222,0,0
AddLimit,221,0,0
AddLimit,213,0,0
AddLimit,208,0,0
AddLimit,214,0,0
AddLimit,202,0,0
AddLimit,225,0,0
AddLimit,212,0,0
AddLimit,208,0,0
AddLimit,224,0,0
AddLimit,203,0,0
AddLimit,200,0,0
AddLimit,203,0,0
AddLimit,215,0,0
AddLimit,204,0,0
AddLimit,231,0,0
AddLimit,228,0,0
AddLimit,221,0,0
AddLimit,223,0,0
AddLimit,237,0,0
AddLimit,231,0,0
AddLimit,234,0,0
AddLimit,213,0,0
AddLimit,205,0,0
AddLimit,208,0,0
AddLimit,241,0,0
AddLimit,203,0,0
AddLimit,200,0,0
AddLimit,214,0,0
AddLimit,200,0,0
AddLimit,225,0,0
AddLimit,205,0,0
AddLimit,214,0,0
AddLimit,196,0,0
AddLimit,197,0,0
AddLimit,201,0,0
AddLimit,234,0,0
AddLimit,229,0,0
AddLimit,220,0,0
AddLimit,216,0,0
AddLimit,209,0,0
AddLimit,200,0,0
AddLimit,207,0,0
AddLimit,227,0,0
AddLimit,246,0,0
AddLimit,204,0,0
AddLimit,207,0,0
AddLimit,204,0,0
AddLimit,223,0,0
AddLimit,236,0,0
AddLimit,208,0,0
AddLimit,238,0,0
AddLimit,240,0,0
AddLimit,223,0,0
AddLimit,213,0,0
AddLimit,223,0,0
AddLimit,215,0,0
AddLimit,218,0,0
AddLimit,215,0,0
AddLimit,1157,0,0
AddLimit,235,0,0
AddLimit,210,0,0
AddLimit,198,0,0
AddLimit,210,0,0
AddLimit,229,0,0
AddLimit,217,0,0
AddLimit,226,0,0
AddLimit,210,0,0
AddLimit,233,0,0
AddLimit,203,0,0
AddLimit,196,0,0
AddLimit,211,0,0
AddLimit,225,0,0
AddLimit,236,0,0
AddLimit,227,0,0
AddLimit,204,0,0
AddLimit,226,0,0
AddLimit,203,0,0
AddLimit,199,0,0
AddLimit,210,0,0
AddLimit,227,0,0
AddLimit,226,0,0
AddLimit,216,0,0
AddLimit,224,0,0
AddLimit,208,0,0
AddLimit,213,0,0
AddLimit,211,0,0
AddLimit,211,0,0
AddLimit,209,0,0
AddLimit,217,0,0
AddLimit,210,0,0
AddLimit,226,0,0
AddLimit,212,0,0
AddLimit,223,0,0
AddLimit,208,0,0
AddLimit,217,0,0
AddLimit,197,0,0
AddLimit,198,0,0
AddLimit,222,0,0
AddLimit,221,0,0
AddLimit,208,0,0
AddLimit,215,0,0
AddLimit,216,0,0
AddLimit,210,0,0
AddLimit,225,0,0
AddLimit,215,0,0
AddLimit,230,0,0
AddLimit,221,0,0
AddLimit,222,0,0
AddLimit,207,0,0
AddLimit,201,0,0
AddLimit,202,0,0
AddLimit,223,0,0
AddLimit,232,0,0
AddLimit,206,0,0
AddLimit,224,0,0
AddLimit,210,0,0
AddLimit,219,0,0
AddLimit,220,0,0
AddLimit,222,0,0
AddLimit,213,0,0
AddLimit,224,0,0
AddLimit,204,0,0
AddLimit,234,0,0
AddLimit,207,0,0
AddLimit,204,0,0
AddLimit,218,0,0
AddLimit,203,0,0
AddLimit,201,0,0
AddLimit,231,0,0
AddLimit,223,0,0
AddLimit,204,0,0
AddLimit,225,0,0
AddLimit,205,0,0
AddLimit,220,0,0
AddLimit,216,0,0
AddLimit,212,0,0
AddLimit,230,0,0
AddLimit,218,0,0
AddLimit,229,0,0
AddLimit,212,0,0
AddLimit,206,0,0
AddLimit,224,0,0
AddLimit,209,0,0
AddLimit,213,0,0
AddLimit,1093,0,0
AddLimit,228,0,0
AddLimit,242,0,0
AddLimit,211,0,0
AddLimit,216,0,0
AddLimit,233,0,0
AddLimit,217,0,0
AddLimit,220,0,0
AddLimit,226,0,0
AddLimit,222,0,0
AddLimit,212,0,0
AddLimit,219,0,0
AddLimit,216,0,0
AddLimit,197,0,0
AddLimit,224,0,0
AddLimit,217,0,0
AddLimit,201,0,0
AddLimit,242,0,0
AddLimit,236,0,0
AddLimit,207,0,0
AddLimit,224,0,0
AddLimit,229,0,0
AddLimit,212,0,0
AddLimit,210,0,0
AddLimit,213,0,0
AddLimit,210,0,0
AddLimit,211,0,0
AddLimit,222,0,0
AddLimit,228,0,0
AddLimit,229,0,0
AddLimit,210,0,0
AddLimit,214,0,0
AddLimit,222,0,0
AddLimit,207,0,0
AddLimit,215,0,0
AddLimit,211,0,0
AddLimit,197,0,0
AddLimit,217,0,0
AddLimit,222,0,0
AddLimit,210,0,0
AddLimit,218,0,0
AddLimit,209,0,0
AddLimit,208,0,0
AddLimit,209,0,0
AddLimit,211,0,0
AddLimit,216,0,0
AddLimit,210,0,0
AddLimit,223,0,0
AddLimit,216,0,0
AddLimit,211,0,0
AddLimit,213,0,0
AddLimit,214,0,0
AddLimit,208,0,0
AddLimit,227,0,0
AddLimit,203,0,0
AddLimit,215,0,0
AddLimit,226,0,0
AddLimit,211,0,0
AddLimit,207,0,0
AddLimit,208,0,0
AddLimit,220,0,0
AddLimit,207,0,0
AddLimit,221,0,0
AddLimit,210,0,0
AddLimit,226,0,0
AddLimit,212,0,0
AddLimit,222,0,0
AddLimit,207,0,0
AddLimit,224,0,0
AddLimit,206,0,0
AddLimit,203,0,0
AddLimit,223,0,0
AddLimit,222,0,0
AddLimit,210,0,0
AddLimit,224,0,0
AddLimit,209,0,0
AddLimit,211,0,0
AddLimit,231,0,0
AddLimit,210,0,0
AddLimit,207,0,0
AddLimit,210,0,0
AddLimit,198,0,0
AddLimit,237,0,0
AddLimit,208,0,0
AddLimit,210,0,0
AddLimit,1149,0,0
AddLimit,222,0,0
AddLimit,215,0,0
AddLimit,218,0,0
AddLimit,256,0,0
AddLimit,209,0,0
AddLimit,211,0,0
AddLimit,206,0,0
AddLimit,236,0,0
AddLimit,223,0,0
AddLimit,239,0,0
AddLimit,222,0,0
AddLimit,233,0,0
AddLimit,221,0,0
AddLimit,229,0,0
AddLimit,218,0,0
AddLimit,210,0,0
AddLimit,219,0,0
AddLimit,224,0,0
AddLimit,212,0,0
AddLimit,211,0,0
AddLimit,225,0,0
AddLimit,204,0,0
AddLimit,224,0,0
AddLimit,210,0,0
AddLimit,225,0,0
AddLimit,217,0,0
AddLimit,207,0,0
AddLimit,208,0,0
AddLimit,200,0,0
AddLimit,207,0,0
AddLimit,196,0,0
AddLimit,237,0,0
AddLimit,220,0,0
AddLimit,236,0,0
AddLimit,223,0,0
AddLimit,201,0,0
AddLimit,219,0,0
AddLimit,215,0,0
AddLimit,223,0,0
AddLimit,209,0,0
AddLimit,211,0,0
AddLimit,206,0,0
AddLimit,218,0,0
AddLimit,206,0,0
AddLimit,218,0,0
AddLimit,244,0,0
AddLimit,206,0,0
AddLimit,221,0,0
AddLimit,210,0,0
AddLimit,224,0,0
AddLimit,218,0,0
AddLimit,209,0,0
AddLimit,209,0,0
AddLimit,228,0,0
AddLimit,208,0,0
AddLimit,202,0,0
AddLimit,227,0,0
AddLimit,236,0,0
AddLimit,210,0,0
AddLimit,199,0,0
AddLimit,223,0,0
AddLimit,202,0,0
AddLimit,236,0,0
AddLimit,211,0,0
AddLimit,205,0,0
AddLimit,209,0,0
AddLimit,213,0,0
AddLimit,256,0,0
AddLimit,218,0,0
AddLimit,218,0,0
AddLimit,212,0,0
AddLimit,223,0,0
AddLimit,220,0,0
AddLimit,209,0,0
AddLimit,214,0,0
AddLimit,210,0,0
AddLimit,205,0,0
AddLimit,209,0,0
AddLimit,210,0,0
AddLimit,216,0,0
AddLimit,211,0,0
AddLimit,220,0,0
AddLimit,195,0,0
AddLimit,201,0,0
AddLimit,1345,0,0
AddLimit,215,0,0
AddLimit,232,0,0
AddLimit,244,0,0
AddLimit,222,0,0
AddLimit,226,0,0
AddLimit,212,0,0
AddLimit,209,0,0
AddLimit,220,0,0
AddLimit,226,0,0
AddLimit,221,0,0
AddLimit,223,0,0
AddLimit,227,0,0
AddLimit,212,0,0
AddLimit,235,0,0
AddLimit,222,0,0
AddLimit,213,0,0
AddLimit,226,0,0
AddLimit,210,0,0
AddLimit,207,0,0
AddLimit,212,0,0
AddLimit,219,0,0
AddLimit,210,0,0
AddLimit,210,0,0
AddLimit,215,0,0
AddLimit,205,0,0
AddLimit,202,0,0
AddLimit,219,0,0
AddLimit,206,0,0
AddLimit,215,0,0
AddLimit,223,0,0
AddLimit,1681,0,0
AddLimit,248,0,0
AddLimit,231,0,0
AddLimit,209,0,0
AddLimit,218,0,0
AddLimit,208,0,0
AddLimit,211,0,0
AddLimit,239,0,0
AddLimit,209,0,0
AddLimit,212,0,0
AddLimit,212,0,0
AddLimit,235,0,0
AddLimit,246,0,0
AddLimit,215,0,0
AddLimit,236,0,0
AddLimit,214,0,0
AddLimit,211,0,0
AddLimit,206,0,0
AddLimit,224,0,0
AddLimit,218,0,0
AddLimit,227,0,0
AddLimit,215,0,0
AddLimit,215,0,0
AddLimit,223,0,0
AddLimit,223,0,0
AddLimit,217,0,0
AddLimit,210,0,0
AddLimit,239,0,0
AddLimit,204,0,0
AddLimit,234,0,0
AddLimit,210,0,0
AddLimit,214,0,0
AddLimit,207,0,0
AddLimit,207,0,0
AddLimit,226,0,0
AddLimit,209,0,0
AddLimit,206,0,0
AddLimit,197,0,0
AddLimit,197,0,0
AddLimit,198,0,0
AddLimit,223,0,0
AddLimit,217,0,0
AddLimit,201,0,0
AddLimit,239,0,0
AddLimit,223,0,0
AddLimit,197,0,0
AddLimit,193,0,0
AddLimit,195,0,0
AddLimit,219,0,0
AddLimit,202,0,0
AddLimit,230,0,0
AddLimit,275,0,0
AddLimit,209,0,0
AddLimit,225,0,0
AddLimit,216,0,0
AddLimit,1190,0,0
AddLimit,246,0,0
AddLimit,215,0,0
AddLimit,208,0,0
AddLimit,229,0,0
AddLimit,214,0,0
AddLimit,208,0,0
AddLimit,223,0,0
AddLimit,196,0,0
AddLimit,211,0,0
AddLimit,248,0,0
AddLimit,208,0,0
AddLimit,217,0,0
AddLimit,192,0,0
AddLimit,217,0,0
AddLimit,244,0,0
AddLimit,199,0,0
AddLimit,210,0,0
AddLimit,211,0,0
AddLimit,198,0,0
AddLimit,203,0,0
AddLimit,214,0,0
AddLimit,223,0,0
AddLimit,196,0,0
AddLimit,235,0,0
AddLimit,202,0,0
AddLimit,201,0,0
AddLimit,223,0,0
AddLimit,223,0,0
AddLimit,232,0,0
AddLimit,216,0,0
AddLimit,225,0,0
AddLimit,210,0,0
AddLimit,204,0,0
AddLimit,216,0,0
AddLimit,236,0,0
AddLimit,206,0,0
AddLimit,228,0,0
AddLimit,219,0,0
AddLimit,224,0,0
AddLimit,205,0,0
AddLimit,211,0,0
AddLimit,211,0,0
AddLimit,232,0,0
AddLimit,213,0,0
AddLimit,216,0,0
AddLimit,209,0,0
AddLimit,199,0,0
AddLimit,207,0,0
AddLimit,234,0,0
AddLimit,223,0,0
AddLimit,203,0,0
AddLimit,217,0,0
AddLimit,196,0,0
AddLimit,201,0,0
AddLimit,201,0,0
AddLimit,200,0,0
AddLimit,241,0,0
AddLimit,200,0,0
AddLimit,223,0,0
AddLimit,210,0,0
AddLimit,194,0,0
AddLimit,220,0,0
AddLimit,199,0,0
AddLimit,198,0,0
AddLimit,214,0,0
AddLimit,219,0,0
AddLimit,225,0,0
AddLimit,223,0,0
AddLimit,217,0,0
AddLimit,228,0,0
AddLimit,220,0,0
AddLimit,210,0,0
AddLimit,214,0,0
AddLimit,228,0,0
AddLimit,210,0,0
AddLimit,220,0,0
AddLimit,235,0,0
AddLimit,222,0,0
AddLimit,217,0,0
AddLimit,207,0,0
AddLimit,216,0,0
AddLimit,226,0,0
AddLimit,212,0,0
AddLimit,212,0,0
AddLimit,1210,0,0
AddLimit,231,0,0
AddLimit,219,0,0
AddLimit,228,0,0
AddLimit,220,0,0
AddLimit,220,0,0
AddLimit,221,0,0
AddLimit,212,0,0
AddLimit,235,0,0
AddLimit,209,0,0
AddLimit,213,0,0
AddLimit,237,0,0
AddLimit,208,0,0
AddLimit,232,0,0
AddLimit,220,0,0
AddLimit,211,0,0
AddLimit,223,0,0
AddLimit,225,0,0
AddLimit,215,0,0
AddLimit,200,0,0
AddLimit,209,0,0
AddLimit,243,0,0
AddLimit,205,0,0
AddLimit,244,0,0
AddLimit,197,0,0
AddLimit,203,0,0
AddLimit,201,0,0
AddLimit,222,0,0
AddLimit,199,0,0
AddLimit,204,0,0
AddLimit,201,0,0
AddLimit,201,0,0
AddLimit,200,0,0
AddLimit,200,0,0
AddLimit,218,0,0
AddLimit,217,0,0
AddLimit,219,0,0
AddLimit,226,0,0
AddLimit,203,0,0
AddLimit,235,0,0
AddLimit,196,0,0
AddLimit,200,0,0
AddLimit,198,0,0
AddLimit,207,0,0
AddLimit,227,0,0
AddLimit,197,0,0
AddLimit,217,0,0
AddLimit,218,0,0
AddLimit,211,0,0
AddLimit,205,0,0
AddLimit,239,0,0
AddLimit,229,0,0
AddLimit,221,0,0
AddLimit,219,0,0
AddLimit,199,0,0
AddLimit,201,0,0
AddLimit,222,0,0
AddLimit,233,0,0
AddLimit,223,0,0
AddLimit,226,0,0
AddLimit,210,0,0
AddLimit,228,0,0
AddLimit,216,0,0
AddLimit,224,0,0
AddLimit,216,0,0
AddLimit,206,0,0
AddLimit,206,0,0
AddLimit,208,0,0
AddLimit,213,0,0
AddLimit,217,0,0
AddLimit,207,0,0
AddLimit,212,0,0
AddLimit,210,0,0
AddLimit,214,0,0
AddLimit,212,0,0
AddLimit,215,0,0
AddLimit,213,0,0
AddLimit,225,0,0
AddLimit,217,0,0
AddLimit,199,0,0
AddLimit,201,0,0
AddLimit,223,0,0
AddLimit,201,0,0
AddLimit,219,0,0
AddLimit,199,0,0
AddLimit,1195,0,0
AddLimit,212,0,0
AddLimit,203,0,0
AddLimit,211,0,0
AddLimit,241,0,0
AddLimit,205,0,0
AddLimit,202,0,0
AddLimit,208,0,0
AddLimit,215,0,0
AddLimit,202,0,0
AddLimit,209,0,0
AddLimit,238,0,0
AddLimit,205,0,0
AddLimit,228,0,0
AddLimit,208,0,0
AddLimit,203,0,0
AddLimit,222,0,0
AddLimit,221,0,0
AddLimit,213,0,0
AddLimit,199,0,0
AddLimit,198,0,0
AddLimit,227,0,0
AddLimit,209,0,0
AddLimit,221,0,0
AddLimit,203,0,0
AddLimit,218,0,0
AddLimit,222,0,0
AddLimit,203,0,0
AddLimit,204,0,0
AddLimit,204,0,0
AddLimit,200,0,0
AddLimit,223,0,0
AddLimit,206,0,0
AddLimit,221,0,0
AddLimit,231,0,0
AddLimit,210,0,0
AddLimit,196,0,0
AddLimit,234,0,0
AddLimit,235,0,0
AddLimit,218,0,0
AddLimit,224,0,0
AddLimit,214,0,0
AddLimit,216,0,0
AddLimit,223,0,0
AddLimit,207,0,0
AddLimit,210,0,0
AddLimit,213,0,0
AddLimit,236,0,0
AddLimit,210,0,0
AddLimit,197,0,0
AddLimit,221,0,0
AddLimit,214,0,0
AddLimit,233,0,0
AddLimit,216,0,0
AddLimit,205,0,0
AddLimit,196,0,0
AddLimit,207,0,0
AddLimit,211,0,0
AddLimit,206,0,0
AddLimit,199,0,0
AddLimit,207,0,0
AddLimit,209,0,0
AddLimit,236,0,0
AddLimit,200,0,0
AddLimit,200,0,0
AddLimit,223,0,0
AddLimit,224,0,0
AddLimit,242,0,0
AddLimit,205,0,0
AddLimit,226,0,0
AddLimit,206,0,0
AddLimit,199,0,0
AddLimit,224,0,0
AddLimit,213,0,0
AddLimit,205,0,0
AddLimit,224,0,0
AddLimit,242,0,0
AddLimit,200,0,0
AddLimit,216,0,0
AddLimit,212,0,0
AddLimit,221,0,0
AddLimit,200,0,0
AddLimit,205,0,0
AddLimit,196,0,0
AddLimit,211,0,0
AddLimit,202,0,0
AddLimit,1137,0,0
AddLimit,230,0,0
AddLimit,203,0,0
AddLimit,203,0,0
AddLimit,196,0,0
AddLimit,223,0,0
AddLimit,197,0,0
AddLimit,223,0,0
AddLimit,201,0,0
AddLimit,231,0,0
AddLimit,203,0,0
AddLimit,239,0,0
AddLimit,216,0,0
AddLimit,219,0,0
AddLimit,214,0,0
AddLimit,212,0,0
AddLimit,229,0,0
AddLimit,211,0,0
AddLimit,240,0,0
AddLimit,217,0,0
AddLimit,203,0,0
AddLimit,206,0,0
AddLimit,204,0,0
AddLimit,213,0,0
AddLimit,204,0,0
AddLimit,223,0,0
AddLimit,208,0,0
AddLimit,224,0,0
AddLimit,203,0,0
AddLimit,205,0,0
AddLimit,200,0,0
AddLimit,207,0,0
AddLimit,229,0,0
AddLimit,232,0,0
AddLimit,218,0,0
AddLimit,226,0,0
AddLimit,201,0,0
AddLimit,204,0,0
AddLimit,201,0,0
AddLimit,219,0,0
AddLimit,225,0,0
AddLimit,198,0,0
AddLimit,236,0,0
AddLimit,207,0,0
AddLimit,249,0,0
AddLimit,212,0,0
AddLimit,222,0,0
AddLimit,230,0,0
AddLimit,216,0,0
AddLimit,206,0,0
AddLimit,202,0,0
AddLimit,211,0,0
AddLimit,206,0,0
AddLimit,225,0,0
AddLimit,215,0,0
AddLimit,210,0,0
AddLimit,217,0,0
AddLimit,208,0,0
AddLimit,230,0,0
AddLimit,206,0,0
AddLimit,212,0,0
AddLimit,214,0,0
AddLimit,222,0,0
AddLimit,227,0,0
AddLimit,230,0,0
AddLimit,229,0,0
AddLimit,214,0,0
AddLimit,223,0,0
AddLimit,215,0,0
AddLimit,218,0,0
AddLimit,222,0,0
AddLimit,210,0,0
AddLimit,205,0,0
AddLimit,205,0,0
AddLimit,206,0,0
AddLimit,224,0,0
AddLimit,243,0,0
AddLimit,223,0,0
AddLimit,211,0,0
AddLimit,212,0,0
AddLimit,210,0,0
AddLimit,225,0,0
AddLimit,237,0,0
AddLimit,206,0,0
AddLimit,209,0,0
AddLimit,2126,0,0
AddLimit,221,0,0
AddLimit,219,0,0
AddLimit,225,0,0
AddLimit,208,0,0
AddLimit,204,0,0
AddLimit,222,0,0
AddLimit,206,0,0
AddLimit,243,0,0
AddLimit,220,0,0
AddLimit,223,0,0
AddLimit,211,0,0
AddLimit,231,0,0
AddLimit,229,0,0
AddLimit,215,0,0
AddLimit,206,0,0
AddLimit,207,0,0
AddLimit,202,0,0
AddLimit,227,0,0
AddLimit,216,0,0
AddLimit,222,0,0
AddLimit,224,0,0
AddLimit,197,0,0
AddLimit,196,0,0
AddLimit,217,0,0
AddLimit,226,0,0
AddLimit,207,0,0
AddLimit,222,0,0
AddLimit,224,0,0
AddLimit,221,0,0
AddLimit,222,0,0
AddLimit,213,0,0
AddLimit,223,0,0
AddLimit,214,0,0
AddLimit,209,0,0
AddLimit,224,0,0
AddLimit,226,0,0
AddLimit,215,0,0
AddLimit,214,0,0
AddLimit,214,0,0
AddLimit,223,0,0
AddLimit,206,0,0
AddLimit,228,0,0
AddLimit,208,0,0
AddLimit,219,0,0
AddLimit,220,0,0
AddLimit,224,0,0
AddLimit,218,0,0
AddLimit,206,0,0
AddLimit,227,0,0
AddLimit,224,0,0
AddLimit,222,0,0
AddLimit,229,0,0
AddLimit,219,0,0
AddLimit,204,0,0
AddLimit,229,0,0
AddLimit,212,0,0
AddLimit,225,0,0
AddLimit,209,0,0
AddLimit,225,0,0
AddLimit,220,0,0
AddLimit,204,0,0
AddLimit,204,0,0
AddLimit,230,0,0
AddLimit,236,0,0
AddLimit,209,0,0
AddLimit,213,0,0
AddLimit,226,0,0
AddLimit,203,0,0
AddLimit,203,0,0
AddLimit,205,0,0
AddLimit,226,0,0
AddLimit,202,0,0
AddLimit,203,0,0
AddLimit,207,0,0
AddLimit,222,0,0
AddLimit,206,0,0
AddLimit,226,0,0
AddLimit,209,0,0
AddLimit,219,0,0
AddLimit,215,0,0
AddLimit,215,0,0
AddLimit,201,0,0
AddLimit,223,0,0
AddLimit,200,0,0
AddLimit,1206,0,0
AddLimit,241,0,0
AddLimit,211,0,0
AddLimit,239,0,0
AddLimit,209,0,0
AddLimit,209,0,0
AddLimit,203,0,0
AddLimit,215,0,0
AddLimit,203,0,0
AddLimit,228,0,0
AddLimit,229,0,0
AddLimit,208,0,0
AddLimit,203,0,0
AddLimit,206,0,0
AddLimit,206,0,0
AddLimit,206,0,0
AddLimit,211,0,0
AddLimit,237,0,0
AddLimit,225,0,0
AddLimit,194,0,0
AddLimit,236,0,0
AddLimit,198,0,0
AddLimit,207,0,0
AddLimit,200,0,0
AddLimit,205,0,0
AddLimit,198,0,0
AddLimit,236,0,0
AddLimit,223,0,0
AddLimit,200,0,0
AddLimit,237,0,0
AddLimit,196,0,0
AddLimit,236,0,0
AddLimit,223,0,0
AddLimit,210,0,0
AddLimit,227,0,0
AddLimit,199,0,0
AddLimit,192,0,0
AddLimit,239,0,0
AddLimit,222,0,0
AddLimit,213,0,0
AddLimit,220,0,0
AddLimit,203,0,0
AddLimit,200,0,0
AddLimit,216,0,0
AddLimit,197,0,0
AddLimit,206,0,0
AddLimit,209,0,0
AddLimit,234,0,0
AddLimit,199,0,0
AddLimit,205,0,0
AddLimit,213,0,0
AddLimit,218,0,0
AddLimit,229,0,0
AddLimit,213,0,0
AddLimit,210,0,0
AddLimit,210,0,0
AddLimit,215,0,0
AddLimit,221,0,0
AddLimit,211,0,0
AddLimit,215,0,0
AddLimit,205,0,0
AddLimit,216,0,0
AddLimit,224,0,0
AddLimit,211,0,0
AddLimit,211,0,0
AddLimit,206,0,0
AddLimit,208,0,0
AddLimit,210,0,0
AddLimit,229,0,0
AddLimit,198,0,0
AddLimit,222,0,0
AddLimit,213,0,0
AddLimit,201,0,0
AddLimit,239,0,0
AddLimit,202,0,0
AddLimit,192,0,0
AddLimit,227,0,0
AddLimit,225,0,0
AddLimit,202,0,0
AddLimit,217,0,0
AddLimit,213,0,0
AddLimit,245,0,0
AddLimit,230,0,0
AddLimit,210,0,0
AddLimit,213,0,0
AddLimit,206,0,0
AddLimit,1164,0,0
AddLimit,225,0,0
AddLimit,217,0,0
AddLimit,211,0,0
AddLimit,214,0,0
AddLimit,235,0,0
AddLimit,216,0,0
AddLimit,214,0,0
AddLimit,204,0,0
AddLimit,224,0,0
AddLimit,210,0,0
AddLimit,223,0,0
AddLimit,206,0,0
AddLimit,207,0,0
AddLimit,200,0,0
AddLimit,209,0,0
AddLimit,213,0,0
AddLimit,203,0,0
AddLimit,207,0,0
AddLimit,221,0,0
AddLimit,248,0,0
AddLimit,196,0,0
AddLimit,223,0,0
AddLimit,206,0,0
AddLimit,215,0,0
AddLimit,215,0,0
AddLimit,210,0,0
AddLimit,206,0,0
AddLimit,195,0,0
AddLimit,215,0,0
AddLimit,196,0,0
AddLimit,213,0,0
AddLimit,201,0,0
AddLimit,227,0,0
AddLimit,232,0,0
AddLimit,211,0,0
AddLimit,205,0,0
AddLimit,203,0,0
AddLimit,230,0,0
AddLimit,233,0,0
AddLimit,193,0,0
AddLimit,196,0,0
AddLimit,217,0,0
AddLimit,214,0,0
AddLimit,252,0,0
AddLimit,208,0,0
AddLimit,226,0,0
AddLimit,227,0,0
AddLimit,233,0,0
AddLimit,196,0,0
AddLimit,202,0,0
AddLimit,196,0,0
AddLimit,220,0,0
AddLimit,242,0,0
AddLimit,209,0,0
AddLimit,237,0,0
AddLimit,202,0,0
AddLimit,237,0,0
AddLimit,236,0,0
AddLimit,196,0,0
AddLimit,223,0,0
AddLimit,200,0,0
AddLimit,242,0,0
AddLimit,213,0,0
AddLimit,214,0,0
AddLimit,203,0,0
AddLimit,207,0,0
AddLimit,233,0,0
AddLimit,202,0,0
AddLimit,220,0,0
AddLimit,200,0,0
AddLimit,218,0,0
AddLimit,236,0,0
AddLimit,219,0,0
AddLimit,219,0,0
AddLimit,199,0,0
AddLimit,195,0,0
AddLimit,262,0,0
AddLimit,204,0,0
AddLimit,209,0,0
AddLimit,214,0,0
AddLimit,200,0,0
AddLimit,208,0,0
AddLimit,194,0,0
AddLimit,237,0,0
AddLimit,1493,0,0
AddLimit,234,0,0
AddLimit,219,0,0
AddLimit,209,0,0
AddLimit,230,0,0
AddLimit,224,0,0
AddLimit,222,0,0
AddLimit,227,0,0
AddLimit,240,0,0
AddLimit,215,0,0
AddLimit,219,0,0
AddLimit,221,0,0
AddLimit,205,0,0
AddLimit,227,0,0
AddLimit,216,0,0
AddLimit,211,0,0
AddLimit,230,0,0
AddLimit,218,0,0
AddLimit,204,0,0
AddLimit,225,0,0
AddLimit,230,0,0
AddLimit,227,0,0
AddLimit,229,0,0
AddLimit,233,0,0
AddLimit,218,0,0
AddLimit,221,0,0
AddLimit,215,0,0
AddLimit,272,0,0
AddLimit,211,0,0
AddLimit,205,0,0
AddLimit,220,0,0
AddLimit,204,0,0
AddLimit,199,0,0
AddLimit,205,0,0
AddLimit,225,0,0
AddLimit,200,0,0
AddLimit,201,0,0
AddLimit,219,0,0
AddLimit,205,0,0
AddLimit,227,0,0
AddLimit,238,0,0
AddLimit,235,0,0
AddLimit,235,0,0
AddLimit,213,0,0
AddLimit,218,0,0
AddLimit,210,0,0
AddLimit,243,0,0
AddLimit,212,0,0
AddLimit,205,0,0
AddLimit,208,0,0
AddLimit,226,0,0
AddLimit,213,0,0
AddLimit,215,0,0
AddLimit,220,0,0
AddLimit,228,0,0
AddLimit,206,0,0
AddLimit,214,0,0
AddLimit,215,0,0
AddLimit,211,0,0
AddLimit,242,0,0
AddLimit,211,0,0
AddLimit,209,0,0
AddLimit,217,0,0
AddLimit,229,0,0
AddLimit,226,0,0
AddLimit,218,0,0
AddLimit,204,0,0
AddLimit,227,0,0
AddLimit,220,0,0
AddLimit,219,0,0
AddLimit,205,0,0
AddLimit,222,0,0
AddLimit,203,0,0
AddLimit,247,0,0
AddLimit,227,0,0
AddLimit,227,0,0
AddLimit,205,0,0
AddLimit,226,0,0
AddLimit,214,0,0
AddLimit,229,0,0
AddLimit,216,0,0
AddLimit,201,0,0
AddLimit,201,0,0
AddLimit,220,0,0
AddLimit,225,0,0
AddLimit,1181,0,0
AddLimit,244,0,0
AddLimit,206,0,0
AddLimit,223,0,0
AddLimit,237,0,0
AddLimit,218,0,0
AddLimit,204,0,0
AddLimit,230,0,0
AddLimit,218,0,0
AddLimit,214,0,0
AddLimit,214,0,0
AddLimit,207,0,0
AddLimit,213,0,0
AddLimit,206,0,0
AddLimit,204,0,0
AddLimit,213,0,0
AddLimit,213,0,0
AddLimit,226,0,0
AddLimit,212,0,0
AddLimit,212,0,0
AddLimit,215,0,0
AddLimit,206,0,0
AddLimit,209,0,0
AddLimit,218,0,0
AddLimit,214,0,0
AddLimit,211,0,0
AddLimit,212,0,0
AddLimit,220,0,0
AddLimit,215,0,0
AddLimit,196,0,0
AddLimit,206,0,0
AddLimit,213,0,0
AddLimit,201,0,0
AddLimit,218,0,0
AddLimit,219,0,0
AddLimit,213,0,0
AddLimit,200,0,0
AddLimit,237,0,0
AddLimit,247,0,0
AddLimit,212,0,0
AddLimit,219,0,0
AddLimit,205,0,0
AddLimit,219,0,0
AddLimit,229,0,0
AddLimit,206,0,0
AddLimit,203,0,0
AddLimit,200,0,0
AddLimit,209,0,0
AddLimit,212,0,0
AddLimit,232,0,0
AddLimit,203,0,0
AddLimit,232,0,0
AddLimit,203,0,0
AddLimit,232,0,0
AddLimit,216,0,0
AddLimit,227,0,0
AddLimit,201,0,0
AddLimit,222,0,0
AddLimit,223,0,0
AddLimit,205,0,0
AddLimit,204,0,0
AddLimit,226,0,0
AddLimit,206,0,0
AddLimit,208,0,0
AddLimit,210,0,0
AddLimit,214,0,0
AddLimit,224,0,0
AddLimit,210,0,0
AddLimit,208,0,0
AddLimit,232,0,0
AddLimit,207,0,0
AddLimit,206,0,0
AddLimit,220,0,0
AddLimit,232,0,0
AddLimit,223,0,0
AddLimit,210,0,0
AddLimit,227,0,0
AddLimit,205,0,0
AddLimit,209,0,0
AddLimit,215,0,0
AddLimit,215,0,0
AddLimit,209,0,0
AddLimit,215,0,0
AddLimit,210,0,0
AddLimit,231,0,0
AddLimit,217,0,0
AddLimit,1152,0,0
AddLimit,230,0,0
AddLimit,233,0,0
AddLimit,210,0,0
AddLimit,207,0,0
AddLimit,206,0,0
AddLimit,201,0,0
AddLimit,222,0,0
AddLimit,209,0,0
AddLimit,206,0,0
AddLimit,216,0,0
AddLimit,218,0,0
AddLimit,203,0,0
AddLimit,245,0,0
AddLimit,210,0,0
AddLimit,227,0,0
AddLimit,219,0,0
AddLimit,206,0,0
AddLimit,206,0,0
AddLimit,239,0,0
AddLimit,201,0,0
AddLimit,212,0,0
AddLimit,220,0,0
AddLimit,219,0,0
AddLimit,207,0,0
AddLimit,226,0,0
AddLimit,232,0,0
AddLimit,229,0,0
AddLimit,206,0,0
AddLimit,199,0,0
AddLimit,219,0,0
AddLimit,215,0,0
AddLimit,222,0,0
AddLimit,223,0,0
AddLimit,218,0,0
AddLimit,221,0,0
AddLimit,222,0,0
AddLimit,222,0,0
AddLimit,223,0,0
AddLimit,205,0,0
AddLimit,205,0,0
AddLimit,215,0,0
AddLimit,204,0,0
AddLimit,217,0,0
AddLimit,226,0,0
AddLimit,220,0,0
AddLimit,222,0,0
AddLimit,222,0,0
AddLimit,213,0,0
AddLimit,234,0,0
AddLimit,225,0,0
AddLimit,203,0,0
AddLimit,216,0,0
AddLimit,207,0,0
AddLimit,209,0,0
AddLimit,211,0,0
AddLimit,207,0,0
AddLimit,213,0,0
AddLimit,211,0,0
AddLimit,221,0,0
AddLimit,218,0,0
AddLimit,213,0,0
AddLimit,207,0,0
AddLimit,224,0,0
AddLimit,209,0,0
AddLimit,210,0,0
AddLimit,209,0,0
AddLimit,214,0,0
AddLimit,214,0,0
AddLimit,214,0,0
AddLimit,209,0,0
AddLimit,222,0,0
AddLimit,219,0,0
AddLimit,219,0,0
AddLimit,249,0,0
AddLimit,192,0,0
AddLimit,217,0,0
AddLimit,206,0,0
AddLimit,206,0,0
AddLimit,227,0,0
AddLimit,206,0,0
AddLimit,209,0,0
AddLimit,208,0,0
AddLimit,216,0,0
AddLimit,209,0,0
AddLimit,1133,0,0
AddLimit,224,0,0
AddLimit,218,0,0
AddLimit,220,0,0
AddLimit,226,0,0
AddLimit,222,0,0
AddLimit,220,0,0
AddLimit,252,0,0
AddLimit,234,0,0
AddLimit,215,0,0
AddLimit,258,0,0
AddLimit,221,0,0
AddLimit,240,0,0
AddLimit,229,0,0
AddLimit,233,0,0
AddLimit,217,0,0
AddLimit,210,0,0
AddLimit,219,0,0
AddLimit,207,0,0
AddLimit,209,0,0
AddLimit,205,0,0
AddLimit,216,0,0
AddLimit,205,0,0
AddLimit,241,0,0
AddLimit,212,0,0
AddLimit,212,0,0
AddLimit,205,0,0
AddLimit,203,0,0
AddLimit,224,0,0
AddLimit,203,0,0
AddLimit,238,0,0
AddLimit,201,0,0
AddLimit,228,0,0
AddLimit,233,0,0
AddLimit,255,0,0
AddLimit,212,0,0
AddLimit,209,0,0
AddLimit,240,0,0
AddLimit,215,0,0
AddLimit,221,0,0
AddLimit,225,0,0
AddLimit,232,0,0
AddLimit,207,0,0
AddLimit,208,0,0
AddLimit,202,0,0
AddLimit,228,0,0
AddLimit,252,0,0
AddLimit,214,0,0
AddLimit,215,0,0
AddLimit,215,0,0
AddLimit,220,0,0
AddLimit,215,0,0
AddLimit,230,0,0
AddLimit,236,0,0
AddLimit,223,0,0
AddLimit,229,0,0
AddLimit,219,0,0
AddLimit,208,0,0
AddLimit,195,0,0
AddLimit,223,0,0
AddLimit,232,0,0
AddLimit,220,0,0
AddLimit,234,0,0
AddLimit,221,0,0
AddLimit,211,0,0
AddLimit,221,0,0
AddLimit,224,0,0
AddLimit,223,0,0
AddLimit,220,0,0
AddLimit,215,0,0
AddLimit,220,0,0
AddLimit,224,0,0
AddLimit,228,0,0
AddLimit,222,0,0
AddLimit,217,0,0
AddLimit,221,0,0
AddLimit,222,0,0
AddLimit,216,0,0
AddLimit,219,0,0
AddLimit,212,0,0
AddLimit,207,0,0
AddLimit,216,0,0
AddLimit,214,0,0
AddLimit,230,0,0
AddLimit,219,0,0
AddLimit,1173,0,0
AddLimit,225,0,0
AddLimit,216,0,0
AddLimit,221,0,0
AddLimit,221,0,0
AddLimit,216,0,0
AddLimit,222,0,0
AddLimit,215,0,0
AddLimit,212,0,0
AddLimit,217,0,0
AddLimit,209,0,0
AddLimit,210,0,0
AddLimit,223,0,0
AddLimit,210,0,0
AddLimit,210,0,0
AddLimit,223,0,0
AddLimit,220,0,0
AddLimit,223,0,0
AddLimit,216,0,0
AddLimit,218,0,0
AddLimit,220,0,0
AddLimit,229,0,0
AddLimit,219,0,0
AddLimit,216,0,0
AddLimit,221,0,0
AddLimit,225,0,0
AddLimit,215,0,0
AddLimit,213,0,0
AddLimit,228,0,0
AddLimit,224,0,0
AddLimit,224,0,0
AddLimit,222,0,0
AddLimit,205,0,0
AddLimit,212,0,0
AddLimit,205,0,0
AddLimit,220,0,0
AddLimit,212,0,0
AddLimit,204,0,0
AddLimit,224,0,0
AddLimit,221,0,0
AddLimit,213,0,0
AddLimit,209,0,0
AddLimit,209,0,0
AddLimit,208,0,0
AddLimit,210,0,0
AddLimit,210,0,0
AddLimit,208,0,0
AddLimit,194,0,0
AddLimit,194,0,0
AddLimit,212,0,0
AddLimit,219,0,0
AddLimit,215,0,0
AddLimit,201,0,0
AddLimit,209,0,0
AddLimit,212,0,0
AddLimit,212,0,0
AddLimit,214,0,0
AddLimit,221,0,0
AddLimit,207,0,0
AddLimit,215,0,0
AddLimit,208,0,0
AddLimit,203,0,0
AddLimit,222,0,0
AddLimit,207,0,0
AddLimit,218,0,0
AddLimit,204,0,0
AddLimit,212,0,0
AddLimit,209,0,0
AddLimit,209,0,0
AddLimit,209,0,0
AddLimit,207,0,0
AddLimit,206,0,0
AddLimit,219,0,0
AddLimit,206,0,0
AddLimit,215,0,0
AddLimit,207,0,0
AddLimit,214,0,0
AddLimit,212,0,0
AddLimit,204,0,0
AddLimit,220,0,0
AddLimit,229,0,0
AddLimit,230,0,0
AddLimit,223,0,0
AddLimit,214,0,0
AddLimit,224,0,0
AddLimit,205,0,0
AddLimit,1113,0,0
AddLimit,221,0,0
AddLimit,217,0,0
AddLimit,219,0,0
AddLimit,200,0,0
AddLimit,207,0,0
AddLimit,231,0,0
AddLimit,203,0,0
AddLimit,211,0,0
AddLimit,206,0,0
AddLimit,210,0,0
AddLimit,219,0,0
AddLimit,201,0,0
AddLimit,232,0,0
AddLimit,205,0,0
AddLimit,212,0,0
AddLimit,228,0,0
AddLimit,251,0,0
AddLimit,229,0,0
AddLimit,215,0,0
AddLimit,217,0,0
AddLimit,207,0,0
AddLimit,212,0,0
AddLimit,236,0,0
AddLimit,213,0,0
AddLimit,241,0,0
AddLimit,211,0,0
AddLimit,203,0,0
AddLimit,230,0,0
AddLimit,227,0,0
AddLimit,235,0,0
AddLimit,225,0,0
AddLimit,215,0,0
AddLimit,219,0,0
AddLimit,233,0,0
AddLimit,213,0,0
AddLimit,209,0,0
AddLimit,217,0,0
AddLimit,214,0,0
AddLimit,214,0,0
AddLimit,213,0,0
AddLimit,232,0,0
AddLimit,209,0,0
AddLimit,210,0,0
AddLimit,221,0,0
AddLimit,223,0,0
AddLimit,216,0,0
AddLimit,208,0,0
AddLimit,237,0,0
AddLimit,210,0,0
AddLimit,234,0,0
AddLimit,221,0,0
AddLimit,209,0,0
AddLimit,225,0,0
AddLimit,214,0,0
AddLimit,216,0,0
AddLimit,228,0,0
AddLimit,216,0,0
AddLimit,211,0,0
AddLimit,239,0,0
AddLimit,213,0,0
AddLimit,227,0,0
AddLimit,210,0,0
AddLimit,205,0,0
AddLimit,216,0,0
AddLimit,205,0,0
AddLimit,203,0,0
AddLimit,209,0,0
AddLimit,212,0,0
AddLimit,212,0,0
AddLimit,205,0,0
AddLimit,209,0,0
AddLimit,228,0,0
AddLimit,221,0,0
AddLimit,207,0,0
AddLimit,217,0,0
AddLimit,204,0,0
AddLimit,226,0,0
AddLimit,212,0,0
AddLimit,205,0,0
AddLimit,204,0,0
AddLimit,210,0,0
AddLimit,236,0,0
AddLimit,218,0,0
AddLimit,219,0,0
AddLimit,1663,0,0
AddLimit,237,0,0
AddLimit,243,0,0
AddLimit,217,0,0
AddLimit,226,0,0
AddLimit,210,0,0
AddLimit,222,0,0
AddLimit,212,0,0
AddLimit,207,0,0
AddLimit,204,0,0
AddLimit,216,0,0
AddLimit,209,0,0
AddLimit,214,0,0
AddLimit,205,0,0
AddLimit,211,0,0
AddLimit,200,0,0
AddLimit,232,0,0
AddLimit,211,0,0
AddLimit,211,0,0
AddLimit,214,0,0
AddLimit,1653,0,0
AddLimit,230,0,0
AddLimit,226,0,0
AddLimit,232,0,0
AddLimit,223,0,0
AddLimit,211,0,0
AddLimit,224,0,0
AddLimit,233,0,0
AddLimit,249,0,0
AddLimit,206,0,0
AddLimit,225,0,0
AddLimit,219,0,0
AddLimit,213,0,0
AddLimit,217,0,0
AddLimit,216,0,0
AddLimit,210,0,0
AddLimit,212,0,0
AddLimit,218,0,0
AddLimit,228,0,0
AddLimit,227,0,0
AddLimit,225,0,0
AddLimit,224,0,0
AddLimit,214,0,0
AddLimit,245,0,0
AddLimit,214,0,0
AddLimit,228,0,0
AddLimit,209,0,0
AddLimit,211,0,0
AddLimit,219,0,0
AddLimit,199,0,0
AddLimit,199,0,0
AddLimit,192,0,0
AddLimit,218,0,0
AddLimit,214,0,0
AddLimit,219,0,0
AddLimit,208,0,0
AddLimit,212,0,0
AddLimit,211,0,0
AddLimit,213,0,0
AddLimit,214,0,0
AddLimit,209,0,0
AddLimit,207,0,0
AddLimit,210,0,0
AddLimit,212,0,0
AddLimit,211,0,0
AddLimit,217,0,0
AddLimit,216,0,0
AddLimit,211,0,0
AddLimit,213,0,0
AddLimit,225,0,0
AddLimit,210,0,0
AddLimit,217,0,0
AddLimit,214,0,0
AddLimit,258,0,0
AddLimit,217,0,0
AddLimit,223,0,0
AddLimit,209,0,0
AddLimit,229,0,0
AddLimit,228,0,0
AddLimit,212,0,0
AddLimit,222,0,0
AddLimit,215,0,0
AddLimit,215,0,0
AddLimit,224,0,0
AddLimit,211,0,0
AddLimit,1207,0,0
AddLimit,232,0,0
AddLimit,217,0,0
AddLimit,241,0,0
AddLimit,223,0,0
AddLimit,219,0,0
AddLimit,234,0,0
AddLimit,220,0,0
AddLimit,219,0,0
AddLimit,232,0,0
AddLimit,232,0,0
AddLimit,207,0,0
AddLimit,230,0,0
AddLimit,233,0,0
AddLimit,222,0,0
AddLimit,217,0,0
AddLimit,207,0,0
AddLimit,229,0,0
AddLimit,220,0,0
AddLimit,239,0,0
AddLimit,212,0,0
AddLimit,254,0,0
AddLimit,234,0,0
AddLimit,222,0,0
AddLimit,224,0,0
AddLimit,212,0,0
AddLimit,214,0,0
AddLimit,209,0,0
AddLimit,227,0,0
AddLimit,243,0,0
AddLimit,215,0,0
AddLimit,228,0,0
AddLimit,212,0,0
AddLimit,215,0,0
AddLimit,225,0,0
AddLimit,220,0,0
AddLimit,224,0,0
AddLimit,222,0,0
AddLimit,217,0,0
AddLimit,208,0,0
AddLimit,219,0,0
AddLimit,209,0,0
AddLimit,221,0,0
AddLimit,227,0,0
AddLimit,207,0,0
AddLimit,225,0,0
AddLimit,209,0,0
AddLimit,237,0,0
AddLimit,206,0,0
AddLimit,220,0,0
AddLimit,210,0,0
AddLimit,202,0,0
AddLimit,227,0,0
AddLimit,229,0,0
AddLimit,202,0,0
AddLimit,229,0,0
AddLimit,210,0,0
AddLimit,219,0,0
AddLimit,204,0,0
AddLimit,234,0,0
AddLimit,205,0,0
AddLimit,227,0,0
AddLimit,210,0,0
AddLimit,212,0,0
AddLimit,214,0,0
AddLimit,204,0,0
AddLimit,224,0,0
AddLimit,228,0,0
AddLimit,240,0,0
AddLimit,213,0,0
AddLimit,228,0,0
AddLimit,209,0,0
AddLimit,220,0,0
AddLimit,210,0,0
AddLimit,223,0,0
AddLimit,197,0,0
AddLimit,205,0,0
AddLimit,229,0,0
AddLimit,196,0,0
AddLimit,195,0,0
AddLimit,209,0,0
AddLimit,198,0,0
AddLimit,198,0,0
AddLimit,224,0,0
AddLimit,207,0,0
AddLimit,196,0,0
AddLimit,1167,0,0
AddLimit,233,0,0
AddLimit,220,0,0
AddLimit,236,0,0
AddLimit,216,0,0
AddLimit,213,0,0
AddLimit,214,0,0
AddLimit,235,0,0
AddLimit,212,0,0
AddLimit,229,0,0
AddLimit,230,0,0
AddLimit,217,0,0
AddLimit,243,0,0
AddLimit,223,0,0
AddLimit,220,0,0
AddLimit,212,0,0
AddLimit,218,0,0
AddLimit,235,0,0
AddLimit,210,0,0
AddLimit,228,0,0
AddLimit,231,0,0
AddLimit,228,0,0
AddLimit,227,0,0
AddLimit,307,0,0
AddLimit,223,0,0
AddLimit,220,0,0
AddLimit,251,0,0
AddLimit,214,0,0
AddLimit,212,0,0
AddLimit,224,0,0
AddLimit,221,0,0
AddLimit,215,0,0
AddLimit,220,0,0
AddLimit,208,0,0
AddLimit,227,0,0
AddLimit,205,0,0
AddLimit,235,0,0
AddLimit,225,0,0
AddLimit,211,0,0
AddLimit,220,0,0
AddLimit,218,0,0
AddLimit,209,0,0
AddLimit,233,0,0
AddLimit,220,0,0
AddLimit,220,0,0
AddLimit,217,0,0
AddLimit,214,0,0
AddLimit,211,0,0
AddLimit,207,0,0
AddLimit,222,0,0
AddLimit,216,0,0
AddLimit,208,0,0
AddLimit,211,0,0
AddLimit,210,0,0
AddLimit,213,0,0
AddLimit,211,0,0
AddLimit,209,0,0
AddLimit,218,0,0
AddLimit,216,0,0
AddLimit,227,0,0
AddLimit,219,0,0
AddLimit,222,0,0
AddLimit,227,0,0
AddLimit,225,0,0
AddLimit,214,0,0
AddLimit,221,0,0
AddLimit,220,0,0
AddLimit,230,0,0
AddLimit,220,0,0
AddLimit,237,0,0
AddLimit,209,0,0
AddLimit,235,0,0
AddLimit,208,0,0
AddLimit,214,0,0
AddLimit,205,0,0
AddLimit,224,0,0
AddLimit,237,0,0
AddLimit,209,0,0
AddLimit,204,0,0
AddLimit,217,0,0
AddLimit,207,0,0
AddLimit,225,0,0
AddLimit,212,0,0
AddLimit,219,0,0
AddLimit,219,0,0
AddLimit,1149,0,0
AddLimit,234,0,0
AddLimit,229,0,0
AddLimit,231,0,0
AddLimit,216,0,0
AddLimit,230,0,0
AddLimit,217,0,0
AddLimit,206,0,0
AddLimit,222,0,0
AddLimit,223,0,0
AddLimit,228,0,0
AddLimit,220,0,0
AddLimit,226,0,0
AddLimit,213,0,0
AddLimit,213,0,0
AddLimit,235,0,0
AddLimit,209,0,0
AddLimit,226,0,0
AddLimit,216,0,0
AddLimit,203,0,0
AddLimit,217,0,0
AddLimit,199,0,0
AddLimit,233,0,0
AddLimit,224,0,0
AddLimit,217,0,0
AddLimit,207,0,0
AddLimit,226,0,0
AddLimit,205,0,0
AddLimit,226,0,0
AddLimit,201,0,0
AddLimit,213,0,0
AddLimit,212,0,0
AddLimit,225,0,0
AddLimit,236,0,0
AddLimit,219,0,0
AddLimit,227,0,0
AddLimit,212,0,0
AddLimit,242,0,0
AddLimit,206,0,0
AddLimit,229,0,0
AddLimit,210,0,0
AddLimit,222,0,0
AddLimit,213,0,0
AddLimit,248,0,0
AddLimit,221,0,0
AddLimit,217,0,0
AddLimit,216,0,0
AddLimit,198,0,0
AddLimit,205,0,0
AddLimit,206,0,0
AddLimit,243,0,0
AddLimit,216,0,0
AddLimit,208,0,0
AddLimit,210,0,0
AddLimit,211,0,0
AddLimit,206,0,0
AddLimit,202,0,0
AddLimit,215,0,0
AddLimit,207,0,0
AddLimit,212,0,0
AddLimit,213,0,0
AddLimit,220,0,0
AddLimit,211,0,0
AddLimit,213,0,0
AddLimit,222,0,0
AddLimit,209,0,0
AddLimit,210,0,0
AddLimit,212,0,0
AddLimit,219,0,0
AddLimit,221,0,0
AddLimit,214,0,0
AddLimit,213,0,0
AddLimit,213,0,0
AddLimit,212,0,0
AddLimit,209,0,0
AddLimit,205,0,0
AddLimit,233,0,0
AddLimit,225,0,0
AddLimit,213,0,0
AddLimit,215,0,0
AddLimit,209,0,0
AddLimit,208,0,0
AddLimit,225,0,0
AddLimit,215,0,0
AddLimit,210,0,0
AddLimit,1173,0,0
AddLimit,229,0,0
AddLimit,216,0,0
AddLimit,217,0,0
AddLimit,212,0,0
AddLimit,206,0,0
AddLimit,222,0,0
AddLimit,211,0,0
AddLimit,203,0,0
AddLimit,230,0,0
AddLimit,202,0,0
AddLimit,220,0,0
AddLimit,220,0,0
AddLimit,202,0,0
AddLimit,215,0,0
AddLimit,195,0,0
AddLimit,238,0,0
AddLimit,214,0,0
AddLimit,200,0,0
AddLimit,209,0,0
AddLimit,212,0,0
AddLimit,213,0,0
AddLimit,215,0,0
AddLimit,213,0,0
AddLimit,207,0,0
AddLimit,225,0,0
AddLimit,215,0,0
AddLimit,196,0,0
AddLimit,199,0,0
AddLimit,240,0,0
AddLimit,207,0,0
AddLimit,199,0,0
AddLimit,204,0,0
AddLimit,198,0,0
AddLimit,194,0,0
AddLimit,229,0,0
AddLimit,219,0,0
AddLimit,210,0,0
AddLimit,224,0,0
AddLimit,212,0,0
AddLimit,223,0,0
AddLimit,209,0,0
AddLimit,216,0,0
AddLimit,209,0,0
AddLimit,211,0,0
AddLimit,206,0,0
AddLimit,234,0,0
AddLimit,227,0,0
AddLimit,209,0,0
AddLimit,207,0,0
AddLimit,224,0,0
AddLimit,210,0,0
AddLimit,209,0,0
AddLimit,223,0,0
AddLimit,212,0,0
AddLimit,212,0,0
AddLimit,201,0,0
AddLimit,221,0,0
AddLimit,221,0,0
AddLimit,207,0,0
AddLimit,230,0,0
AddLimit,203,0,0
AddLimit,208,0,0
AddLimit,205,0,0
AddLimit,202,0,0
AddLimit,226,0,0
AddLimit,229,0,0
AddLimit,223,0,0
AddLimit,206,0,0
AddLimit,207,0,0
AddLimit,210,0,0
AddLimit,222,0,0
AddLimit,222,0,0
AddLimit,220,0,0
AddLimit,237,0,0
AddLimit,210,0,0
AddLimit,205,0,0
AddLimit,207,0,0
AddLimit,211,0,0
AddLimit,215,0,0
AddLimit,207,0,0
AddLimit,245,0,0
AddLimit,226,0,0
AddLimit,199,0,0
AddLimit,222,0,0
AddLimit,199,0,0
AddLimit,1168,0,0
AddLimit,212,0,0
AddLimit,206,0,0
AddLimit,200,0,0
AddLimit,226,0,0
AddLimit,199,0,0
AddLimit,220,0,0
AddLimit,217,0,0
AddLimit,223,0,0
AddLimit,226,0,0
AddLimit,204,0,0
AddLimit,225,0,0
AddLimit,222,0,0
AddLimit,198,0,0
AddLimit,229,0,0
AddLimit,205,0,0
AddLimit,207,0,0
AddLimit,203,0,0
AddLimit,201,0,0
AddLimit,218,0,0
AddLimit,196,0,0
AddLimit,199,0,0
AddLimit,262,0,0
AddLimit,210,0,0
AddLimit,213,0,0
AddLimit,223,0,0
AddLimit,228,0,0
AddLimit,224,0,0
AddLimit,213,0,0
AddLimit,202,0,0
AddLimit,205,0,0
AddLimit,220,0,0
AddLimit,218,0,0
AddLimit,208,0,0
AddLimit,216,0,0
AddLimit,206,0,0
AddLimit,215,0,0
AddLimit,208,0,0
AddLimit,215,0,0
AddLimit,260,0,0
AddLimit,214,0,0
AddLimit,210,0,0
AddLimit,209,0,0
AddLimit,219,0,0
AddLimit,198,0,0
AddLimit,234,0,0
AddLimit,221,0,0
AddLimit,199,0,0
AddLimit,219,0,0
AddLimit,221,0,0
AddLimit,224,0,0
AddLimit,222,0,0
AddLimit,217,0,0
AddLimit,210,0,0
AddLimit,204,0,0
AddLimit,239,0,0
AddLimit,217,0,0
AddLimit,214,0,0
AddLimit,215,0,0
AddLimit,209,0,0
AddLimit,215,0,0
AddLimit,232,0,0
AddLimit,216,0,0
AddLimit,226,0,0
AddLimit,230,0,0
AddLimit,225,0,0
AddLimit,214,0,0
AddLimit,214,0,0
AddLimit,207,0,0
AddLimit,222,0,0
AddLimit,212,0,0
AddLimit,210,0,0
AddLimit,229,0,0
AddLimit,216,0,0
AddLimit,202,0,0
AddLimit,218,0,0
AddLimit,198,0,0
AddLimit,195,0,0
AddLimit,198,0,0
AddLimit,201,0,0
AddLimit,194,0,0
AddLimit,228,0,0
AddLimit,198,0,0
AddLimit,217,0,0
AddLimit,203,0,0
AddLimit,1211,0,0
AddLimit,234,0,0
AddLimit,236,0,0
AddLimit,230,0,0
AddLimit,207,0,0
AddLimit,235,0,0
AddLimit,226,0,0
AddLimit,233,0,0
AddLimit,208,0,0
AddLimit,208,0,0
AddLimit,212,0,0
AddLimit,204,0,0
AddLimit,209,0,0
AddLimit,217,0,0
AddLimit,208,0,0
AddLimit,210,0,0
AddLimit,233,0,0
AddLimit,220,0,0
AddLimit,231,0,0
AddLimit,230,0,0
AddLimit,210,0,0
AddLimit,249,0,0
AddLimit,200,0,0
AddLimit,224,0,0
AddLimit,224,0,0
AddLimit,227,0,0
AddLimit,222,0,0
AddLimit,213,0,0
AddLimit,244,0,0
AddStop,459,0,0
AddStop,322,0,0
AddStop,262,0,0
AddStop,334,0,0
AddStop,219,0,0
AddStopLimit,459,0,0
AddStopLimit,328,0,0
AddStopLimit,293,0,0
AddStop,201,0,0
AddStop,254,0,0
AddStop,220,0,0
AddStopLimit,284,0,0
AddStopLimit,283,0,0
AddStopLimit,268,0,0
AddStop,261,0,0
AddStop,251,0,0
AddStopLimit,277,0,0
AddStop,218,0,0
AddStop,265,0,0
AddStopLimit,253,0,0
AddStop,245,0,0
AddStopLimit,272,0,0
AddStop,209,0,0
AddStopLimit,265,0,0
AddStop,212,0,0
AddStopLimit,270,0,0
AddStop,212,0,0
AddStop,200,0,0
AddStop,195,0,0
AddStop,235,0,0
AddStopLimit,251,0,0
AddStopLimit,248,0,0
AddStop,210,0,0
AddStopLimit,246,0,0
AddStopLimit,248,0,0
AddStop,207,0,0
AddStop,198,0,0
AddStopLimit,242,0,0
AddStopLimit,247,0,0
AddStop,224,0,0
AddStopLimit,246,0,0
AddStop,210,0,0
AddStop,195,0,0
AddStopLimit,252,0,0
AddStop,213,0,0
AddStopLimit,243,0,0
AddStopLimit,257,0,0
AddStopLimit,226,0,0
AddStopLimit,232,0,0
AddStop,216,0,0
AddStop,314,1,0
AddStop,215,0,0
AddStop,234,0,0
AddStopLimit,236,0,0
AddStopLimit,252,0,0
AddStop,206,0,0
AddStopLimit,1283,0,0
AddStopLimit,271,0,0
AddStop,270,0,0
AddStop,247,0,0
AddStop,227,0,0
AddStop,235,0,0
AddStopLimit,245,0,0
AddStopLimit,268,0,0
AddStopLimit,248,0,0
AddStop,203,0,0
AddStopLimit,258,0,0
AddStopLimit,234,0,0
AddStop,193,0,0
AddStop,233,0,0
AddStopLimit,261,0,0
AddStop,192,0,0
AddStopLimit,251,0,0
AddStopLimit,240,0,0
AddStopLimit,246,0,0
AddStop,211,0,0
AddStop,211,0,0
AddStopLimit,253,0,0
AddStop,222,0,0
AddStop,237,0,0
AddStop,237,0,0
AddStop,233,0,0
AddStopLimit,234,0,0
AddStopLimit,245,0,0
AddStopLimit,241,0,0
AddStop,206,0,0
AddStop,206,0,0
AddStopLimit,268,0,0
AddStop,199,0,0
AddStop,204,0,0
AddStop,234,0,0
AddStopLimit,243,0,0
AddStop,216,0,0
AddStop,195,0,0
AddStop,202,0,0
AddStopLimit,238,0,0
AddStop,210,0,0
AddStop,242,0,0
AddStopLimit,254,0,0
AddStop,216,0,0
AddStopLimit,257,0,0
AddStop,217,0,0
AddStopLimit,234,0,0
AddStopLimit,268,0,0
AddStopLimit,254,0,0
AddStopLimit,260,0,0
AddStopLimit,253,0,0
AddStop,219,0,0
AddStop,213,0,0
AddStop,215,0,0
AddStop,203,0,0
AddStopLimit,471,2,0
AddStop,252,0,0
AddStopLimit,256,0,0
AddStopLimit,236,0,0
AddStopLimit,260,0,0
AddStop,210,0,0
AddStopLimit,267,0,0
AddStopLimit,241,0,0
AddStop,209,0,0
AddStopLimit,249,0,0
AddStop,200,0,0
AddStop,222,0,0
AddStop,225,0,0
AddStopLimit,241,0,0
AddStopLimit,242,0,0
AddStop,226,0,0
AddStopLimit,246,0,0
AddStopLimit,244,0,0
AddStop,211,0,0
AddStopLimit,251,0,0
AddStopLimit,245,0,0
AddStopLimit,232,0,0
AddStop,210,0,0
AddStop,202,0,0
AddStopLimit,244,0,0
AddStopLimit,250,0,0
AddStopLimit,239,0,0
AddStop,205,0,0
AddStopLimit,240,0,0
AddStopLimit,238,0,0
AddStop,206,0,0
AddStop,238,0,0
AddStopLimit,1189,0,0
AddStop,227,0,0
AddStop,246,0,0
AddStopLimit,255,0,0
AddStop,218,0,0
AddStop,237,0,0
AddStopLimit,241,0,0
AddStopLimit,247,0,0
AddStop,208,0,0
AddStop,267,0,0
AddStop,202,0,0
AddStopLimit,250,0,0
AddStop,212,0,0
AddStopLimit,255,0,0
AddStop,215,0,0
AddStopLimit,253,0,0
AddStop,222,0,0
AddStop,225,0,0
AddStopLimit,252,0,0
AddStopLimit,243,0,0
AddStopLimit,266,0,0
AddStopLimit,244,0,0
AddStopLimit,243,0,0
AddStop,199,0,0
AddStop,232,0,0
AddStop,232,0,0
AddStopLimit,253,0,0
AddStop,198,0,0
AddStopLimit,245,0,0
AddStop,236,0,0
AddStopLimit,252,0,0
AddStopLimit,235,0,0
AddStopLimit,242,0,0
AddStop,200,0,0
AddStopLimit,270,0,0
AddStopLimit,247,0,0
AddStop,218,0,0
AddStop,231,0,0
AddStop,222,0,0
AddStop,205,0,0
AddStop,179,1,0
AddStop,230,0,0
AddStop,239,0,0
AddStop,217,0,0
AddStopLimit,244,0,0
AddStopLimit,238,0,0
AddStop,200,0,0
AddStop,226,0,0
AddStopLimit,256,0,0
AddStop,205,0,0
AddStop,225,0,0
AddStop,211,0,0
AddStop,232,0,0
AddStopLimit,250,0,0
AddStop,210,0,0
AddStopLimit,252,0,0
AddStopLimit,235,0,0
AddStop,200,0,0
AddStop,226,0,0
AddStopLimit,234,0,0
AddStopLimit,253,0,0
AddStopLimit,236,0,0
AddStopLimit,257,0,0
AddStopLimit,258,0,0
AddStop,207,0,0
AddStop,219,0,0
AddStopLimit,244,0,0
AddStop,216,0,0
AddStop,220,0,0
AddStop,207,0,0
AddStop,207,0,0
AddStop,223,0,0
AddStop,206,0,0
AddStop,209,0,0
AddStop,210,0,0
AddStop,210,0,0
AddStop,199,0,0
AddStop,198,0,0
AddStopLimit,242,0,0
AddStop,236,0,0
AddStop,223,0,0
AddStopLimit,245,0,0
AddStop,212,0,0
AddStopLimit,243,0,0
AddStop,212,0,0
AddStopLimit,230,0,0
AddStopLimit,1340,0,0
AddStopLimit,266,0,0
AddStop,284,2,0
AddStopLimit,234,0,0
AddStopLimit,233,0,0
AddStopLimit,251,0,0
AddStop,237,0,0
AddStopLimit,253,0,0
AddStop,255,0,0
AddStopLimit,248,0,0
AddStop,213,0,0
AddStopLimit,237,0,0
AddStop,199,0,0
AddStopLimit,239,0,0
AddStopLimit,237,0,0
AddStopLimit,228,0,0
AddStop,240,0,0
AddStop,205,0,0
AddStop,220,0,0
AddStopLimit,248,0,0
AddStopLimit,243,0,0
AddStopLimit,229,0,0
AddStop,201,0,0
AddStopLimit,275,0,0
AddStopLimit,226,0,0
AddStopLimit,229,0,0
AddStopLimit,221,0,0
AddStop,218,0,0
AddStopLimit,244,0,0
AddStopLimit,258,0,0
AddStop,204,0,0
AddStopLimit,232,0,0
AddStopLimit,253,0,0
AddStop,180,0,0
AddStopLimit,222,0,0
AddStop,223,0,0
AddStopLimit,248,0,0
AddStopLimit,238,0,0
AddStop,211,0,0
AddStop,220,0,0
AddStop,239,0,0
AddStopLimit,248,0,0
AddStopLimit,237,0,0
AddStop,201,0,0
AddStop,212,0,0
AddStopLimit,239,0,0
AddStopLimit,232,0,0
AddStopLimit,255,0,0
AddStopLimit,250,0,0
AddStopLimit,229,0,0
AddStopLimit,270,0,0
AddStopLimit,262,0,0
AddStop,217,0,0
AddStop,217,0,0
AddStop,225,0,0
AddStopLimit,245,0,0
AddStopLimit,254,0,0
AddStop,203,0,0
AddStopLimit,251,0,0
AddStop,219,0,0
AddStop,223,0,0
AddStopLimit,234,0,0
AddStop,215,0,0
AddStopLimit,259,0,0
AddStop,211,0,0
AddStopLimit,259,0,0
AddStop,205,0,0
AddStop,183,1,0
AddStopLimit,240,0,0
AddStopLimit,257,0,0
AddStopLimit,244,0,0
AddStop,207,0,0
AddStopLimit,245,0,0
AddStopLimit,267,0,0
AddStopLimit,242,0,0
AddStop,236,0,0
AddStopLimit,245,0,0
AddStop,200,0,0
AddStop,221,0,0
AddStop,244,0,0
AddStop,228,0,0
AddStopLimit,245,0,0
AddStopLimit,251,0,0
AddStopLimit,247,0,0
AddStopLimit,245,0,0
AddStopLimit,247,0,0
AddStopLimit,245,0,0
AddStop,209,0,0
AddStopLimit,248,0,0
AddStop,211,0,0
AddStop,1175,0,0
AddStop,249,0,0
AddStopLimit,252,0,0
AddStop,215,0,0
AddStopLimit,252,0,0
AddStopLimit,252,0,0
AddStop,217,0,0
AddStop,243,0,0
AddStop,224,0,0
AddStop,230,0,0
AddStopLimit,261,0,0
AddStop,215,0,0
AddStop,254,0,0
AddStopLimit,240,0,0
AddStopLimit,285,0,0
AddStop,232,0,0
AddStop,238,0,0
AddStop,224,0,0
AddStop,223,0,0
AddStop,213,0,0
AddStop,222,0,0
AddStop,214,0,0
AddStop,217,0,0
AddStopLimit,238,0,0
AddStop,221,0,0
AddStopLimit,258,0,0
AddStopLimit,258,0,0
AddStop,207,0,0
AddStop,210,0,0
AddStopLimit,252,0,0
AddStopLimit,232,0,0
AddStopLimit,238,0,0
AddStopLimit,246,0,0
AddStop,243,0,0
AddStop,221,0,0
AddStopLimit,243,0,0
AddStop,207,0,0
AddStop,239,0,0
AddStopLimit,272,0,0
AddStopLimit,253,0,0
AddStop,220,0,0
AddStopLimit,245,0,0
AddStopLimit,248,0,0
AddStopLimit,249,0,0
AddStop,186,0,0
AddStop,220,0,0
AddStopLimit,271,0,0
AddStop,224,0,0
AddStopLimit,254,0,0
AddStop,219,0,0
AddStop,233,0,0
AddStop,224,0,0
AddStopLimit,240,0,0
AddStop,205,0,0
AddStopLimit,232,0,0
AddStopLimit,233,0,0
AddStopLimit,232,0,0
AddStop,205,0,0
AddStopLimit,250,0,0
AddStopLimit,251,0,0
AddStop,200,0,0
AddStopLimit,238,0,0
AddStopLimit,249,0,0
AddStop,225,0,0
AddStopLimit,239,0,0
AddStop,197,0,0
AddStop,220,0,0
AddStopLimit,252,0,0
AddStopLimit,246,0,0
AddStop,200,0,0
AddStop,221,0,0
AddStopLimit,236,0,0
AddStop,207,0,0
AddStop,219,0,0
AddStopLimit,253,0,0
AddStopLimit,234,0,0
AddStopLimit,239,0,0
AddStop,198,0,0
AddStop,220,0,0
AddStopLimit,242,0,0
AddStop,227,0,0
AddStop,234,0,0
AddStop,252,0,0
AddStop,225,0,0
AddStop,219,0,0
AddStopLimit,244,0,0
AddStopLimit,267,0,0
AddStop,220,0,0
AddStopLimit,234,0,0
AddStopLimit,262,0,0
AddStopLimit,265,0,0
AddStopLimit,244,0,0
AddStopLimit,248,0,0
AddStopLimit,247,0,0
AddStopLimit,246,0,0
AddStop,197,0,0
AddStopLimit,236,0,0
AddStop,212,0,0
AddStopLimit,240,0,0
AddStop,198,0,0
AddStopLimit,239,0,0
AddStop,221,0,0
AddStopLimit,249,0,0
AddStop,240,0,0
AddStopLimit,245,0,0
AddStop,236,0,0
AddStopLimit,242,0,0
AddStopLimit,242,0,0
AddStopLimit,236,0,0
AddStop,193,0,0
AddStopLimit,235,0,0
AddStopLimit,231,0,0
AddStop,205,0,0
AddStop,234,0,0
AddStop,227,0,0
AddStopLimit,236,0,0
AddStop,203,0,0
AddStopLimit,255,0,0
AddStop,200,0,0
AddStopLimit,269,0,0
AddStopLimit,252,0,0
AddStopLimit,229,0,0
AddStopLimit,256,0,0
AddStopLimit,228,0,0
AddStop,206,0,0
AddStop,229,0,0
AddStopLimit,229,0,0
AddStop,200,0,0
AddStop,256,0,0
AddStopLimit,259,0,0
AddStopLimit,268,0,0
AddStopLimit,240,0,0
AddStop,208,0,0
AddStop,239,0,0
AddStop,217,0,0
AddStop,226,0,0
AddStopLimit,240,0,0
AddStop,217,0,0
AddStop,219,0,0
AddStop,240,0,0
AddStopLimit,275,0,0
AddStop,200,0,0
AddStopLimit,258,0,0
AddStopLimit,259,0,0
AddStop,197,0,0
AddStopLimit,262,0,0
AddStop,196,0,0
AddStopLimit,249,0,0
AddStop,193,0,0
AddStop,247,0,0
AddStop,216,0,0
AddStopLimit,250,0,0
AddStopLimit,246,0,0
AddStop,193,0,0
AddStopLimit,265,0,0
AddStopLimit,259,0,0
AddStopLimit,244,0,0
AddStop,197,0,0
AddStopLimit,251,0,0
AddStopLimit,252,0,0
AddStopLimit,242,0,0
AddStop,189,0,0
AddStopLimit,357,2,0
AddStop,227,0,0
AddStop,222,0,0
AddStopLimit,248,0,0
AddStop,213,0,0
AddStop,230,0,0
AddStopLimit,254,0,0
AddStopLimit,239,0,0
AddStop,224,0,0
AddStopLimit,1205,0,0
AddStopLimit,269,0,0
AddStop,216,0,0
AddStopLimit,277,0,0
AddStopLimit,267,0,0
AddStop,190,0,0
AddStop,236,0,0
AddStopLimit,249,0,0
AddStop,188,0,0
AddStopLimit,244,0,0
AddStop,202,0,0
AddStopLimit,254,0,0
AddStopLimit,243,0,0
AddStop,230,0,0
AddStop,246,0,0
AddStop,208,0,0
AddStopLimit,251,0,0
AddStopLimit,253,0,0
AddStopLimit,258,0,0
AddStopLimit,273,0,0
AddStop,219,0,0
AddStop,223,0,0
AddStop,214,0,0
AddStop,231,0,0
AddStopLimit,261,0,0
AddStop,213,0,0
AddStopLimit,254,0,0
AddStopLimit,247,0,0
AddStopLimit,245,0,0
AddStopLimit,242,0,0
AddStopLimit,243,0,0
AddStop,194,0,0
AddStopLimit,268,0,0
AddStopLimit,239,0,0
AddStopLimit,242,0,0
AddStopLimit,242,0,0
AddStopLimit,247,0,0
AddStop,208,0,0
AddStopLimit,253,0,0
AddStop,227,0,0
AddStop,218,0,0
AddStopLimit,239,0,0
AddStop,213,0,0
AddStopLimit,240,0,0
AddStop,206,0,0
AddStopLimit,255,0,0
AddStop,186,0,0
AddStopLimit,244,0,0
AddStop,231,0,0
AddStop,227,0,0
AddStopLimit,242,0,0
AddStopLimit,242,0,0
AddStop,210,0,0
AddStop,256,0,0
AddStop,251,0,0
AddStop,235,0,0
AddStopLimit,264,0,0
AddStopLimit,255,0,0
AddStop,208,0,0
AddStop,233,0,0
AddStop,229,0,0
AddStopLimit,257,0,0
AddStopLimit,240,0,0
AddStop,204,0,0
AddStop,231,0,0
AddStopLimit,253,0,0
AddStop,213,0,0
AddStopLimit,255,0,0
AddStopLimit,250,0,0
AddStop,198,0,0
AddStop,232,0,0
AddStop,235,0,0
AddStopLimit,245,0,0
AddStopLimit,242,0,0
AddStop,204,0,0
AddStopLimit,250,0,0
AddStopLimit,249,0,0
AddStop,212,0,0
AddStopLimit,260,0,0
AddStopLimit,242,0,0
AddStopLimit,251,0,0
AddStop,210,0,0
AddStop,232,0,0
AddStop,223,0,0
AddStop,244,0,0
AddStopLimit,259,0,0
AddStopLimit,2186,0,0
AddStopLimit,359,3,0
AddStopLimit,260,0,0
AddStopLimit,266,0,0
AddStopLimit,249,0,0
AddStop,207,0,0
AddStopLimit,289,0,0
AddStopLimit,242,0,0
AddStop,199,0,0
AddStop,226,0,0
AddStop,251,0,0
AddStop,221,0,0
AddStopLimit,256,0,0
AddStop,215,0,0
AddStop,226,0,0
AddStop,209,0,0
AddStop,203,0,0
AddStop,251,0,0
AddStop,233,0,0
AddStop,228,0,0
AddStopLimit,256,0,0
AddStopLimit,242,0,0
AddStop,211,0,0
AddStopLimit,248,0,0
AddStopLimit,245,0,0
AddStop,230,0,0
AddStop,245,0,0
AddStop,204,0,0
AddStopLimit,242,0,0
AddStopLimit,248,0,0
AddStopLimit,229,0,0
AddStopLimit,239,0,0
AddStop,236,0,0
AddStopLimit,259,0,0
AddStop,230,0,0
AddStopLimit,241,0,0
AddStopLimit,250,0,0
AddStopLimit,230,0,0
AddStop,218,0,0
AddStop,210,0,0
AddStopLimit,240,0,0
AddStop,218,0,0
AddStop,216,0,0
AddStop,215,0,0
AddStopLimit,266,0,0
AddStop,216,0,0
AddStop,220,0,0
AddStopLimit,240,0,0
AddStopLimit,234,0,0
AddStopLimit,237,0,0
AddStopLimit,265,0,0
AddStop,203,0,0
AddStopLimit,259,0,0
AddStopLimit,244,0,0
AddStop,202,0,0
AddStopLimit,247,0,0
AddStop,225,0,0
AddStop,215,0,0
AddStopLimit,249,0,0
AddStopLimit,1756,0,0
AddStop,281,0,0
AddStop,224,0,0
AddStop,240,0,0
AddStopLimit,257,0,0
AddStopLimit,254,0,0
AddStop,237,0,0
AddStop,211,0,0
AddStopLimit,244,0,0
AddStop,229,0,0
AddStop,220,0,0
AddStopLimit,242,0,0
AddStopLimit,243,0,0
AddStop,211,0,0
AddStopLimit,263,0,0
AddStop,229,0,0
AddStop,213,0,0
AddStopLimit,253,0,0
AddStopLimit,274,0,0
AddStop,220,0,0
AddStop,204,0,0
AddStopLimit,260,0,0
AddStopLimit,240,0,0
AddStopLimit,250,0,0
AddStopLimit,242,0,0
AddStopLimit,240,0,0
AddStop,222,0,0
AddStopLimit,238,0,0
AddStop,226,0,0
AddStopLimit,1262,0,0
AddStop,216,0,0
AddStop,229,0,0
AddStop,248,0,0
AddStop,232,0,0
AddStop,216,0,0
AddStopLimit,275,0,0
AddStop,238,0,0
AddStopLimit,238,0,0
AddStop,220,0,0
AddStop,212,0,0
AddStopLimit,264,0,0
AddStopLimit,250,0,0
AddStopLimit,248,0,0
AddStop,211,0,0
AddStopLimit,245,0,0
AddStop,219,0,0
AddStop,233,0,0
AddStop,219,0,0
AddStopLimit,259,0,0
AddStopLimit,263,0,0
AddStop,222,0,0
AddStopLimit,245,0,0
AddStopLimit,260,0,0
AddStop,205,0,0
AddStopLimit,237,0,0
AddStopLimit,241,0,0
AddStopLimit,275,0,0
AddStop,199,0,0
AddStop,226,0,0
AddStopLimit,472,4,0
AddStop,200,0,0
AddStop,230,0,0
AddStop,196,0,0
AddStopLimit,243,0,0
AddStopLimit,242,0,0
AddStop,191,0,0
AddStop,224,0,0
AddStopLimit,250,0,0
AddStop,194,0,0
AddStop,220,0,0
AddStop,233,0,0
AddStopLimit,258,0,0
AddStop,223,0,0
AddStopLimit,239,0,0
AddStop,222,0,0
AddStopLimit,258,1,0
AddStopLimit,262,0,0
AddStopLimit,256,0,0
AddStopLimit,254,0,0
AddStopLimit,240,0,0
AddStopLimit,236,0,0
AddStopLimit,261,0,0
AddStopLimit,244,0,0
AddStop,190,0,0
AddStopLimit,250,0,0
AddStopLimit,263,0,0
AddStopLimit,256,0,0
AddStop,198,0,0
AddStopLimit,253,0,0
AddStopLimit,246,0,0
AddStop,243,0,0
AddStop,229,0,0
AddStopLimit,248,0,0
AddStop,229,0,0
AddStopLimit,253,0,0
AddStop,212,0,0
AddStopLimit,247,0,0
AddStop,215,0,0
AddStop,230,0,0
AddStopLimit,259,0,0
AddStop,207,0,0
AddStop,225,0,0
AddStopLimit,249,0,0
AddStop,211,0,0
AddStopLimit,249,0,0
AddStop,204,0,0
AddStop,225,0,0
AddStop,229,0,0
AddStopLimit,251,0,0
AddStop,218,0,0
AddStopLimit,243,0,0
AddStopLimit,243,0,0
AddStop,199,0,0
AddStopLimit,249,0,0
AddStopLimit,254,0,0
AddStopLimit,244,0,0
AddStopLimit,245,0,0
AddStopLimit,254,0,0
AddStop,216,0,0
AddStop,214,0,0
AddStopLimit,253,0,0
AddStopLimit,267,0,0
AddStop,217,0,0
AddStopLimit,255,0,0
AddStopLimit,252,0,0
AddStopLimit,255,0,0
AddStopLimit,250,0,0
AddStop,223,0,0
AddStop,233,0,0
AddStop,243,0,0
AddStop,237,0,0
AddStopLimit,278,0,0
AddStopLimit,269,0,0
AddStopLimit,259,0,0
AddStopLimit,254,0,0
AddStopLimit,261,0,0
AddStop,202,0,0
AddStop,215,0,0
AddStop,228,0,0
AddStopLimit,260,0,0
AddStopLimit,251,0,0
AddStopLimit,247,0,0
AddStop,218,0,0
AddStopLimit,244,0,0
AddStopLimit,246,0,0
AddStopLimit,247,0,0
AddStop,196,0,0
AddStopLimit,234,0,0
AddStopLimit,228,0,0
AddStop,208,0,0
AddStop,234,0,0
AddStopLimit,252,0,0
AddStopLimit,247,0,0
AddStopLimit,246,0,0
AddStopLimit,234,0,0
AddStopLimit,250,0,0
AddStopLimit,229,0,0
AddStop,223,0,0
AddStopLimit,254,0,0
AddStop,365,4,0
AddStop,203,0,0
AddStopLimit,253,0,0
AddStop,205,0,0
AddStopLimit,257,0,0
AddStopLimit,247,0,0
AddStop,204,0,0
AddStop,245,0,0
AddStopLimit,246,0,0
AddStop,197,0,0
AddStopLimit,237,0,0
AddStopLimit,255,0,0
AddStop,233,0,0
AddStop,235,0,0
AddStopLimit,258,0,0
AddStopLimit,235,0,0
AddStop,200,0,0
AddStop,216,0,0
AddStop,227,0,0
AddStopLimit,236,0,0
AddStop,201,0,0
AddStopLimit,239,0,0
AddStopLimit,272,0,0
AddStopLimit,231,0,0
AddStop,200,0,0
AddStopLimit,237,0,0
AddStopLimit,257,0,0
AddStopLimit,257,0,0
AddStopLimit,251,0,0
AddStop,222,0,0
AddStopLimit,254,0,0
AddStopLimit,233,0,0
AddStopLimit,266,0,0
AddStop,210,0,0
AddStopLimit,236,0,0
AddStopLimit,247,0,0
AddStopLimit,246,0,0
AddStop,217,0,0
AddStop,235,0,0
AddStop,216,0,0
AddStop,224,0,0
AddStopLimit,252,0,0
AddStop,192,0,0
AddStop,224,0,0
AddStop,235,0,0
AddStopLimit,241,0,0
AddStopLimit,235,0,0
AddStopLimit,245,1,0
AddStop,216,0,0
AddStopLimit,256,0,0
AddStop,204,0,0
AddStopLimit,1265,0,0
AddStopLimit,264,0,0
AddStop,214,0,0
AddStop,232,0,0
AddStopLimit,259,0,0
AddStop,211,0,0
AddStopLimit,254,0,0
AddStop,207,0,0
AddStop,240,0,0
AddStop,236,0,0
AddStopLimit,250,0,0
AddStopLimit,277,0,0
AddStop,205,0,0
AddStop,241,0,0
AddStopLimit,247,0,0
AddStopLimit,258,0,0
AddStop,211,0,0
AddStopLimit,256,0,0
AddStopLimit,255,0,0
AddStop,198,0,0
AddStopLimit,267,0,0
AddStopLimit,249,0,0
AddStop,208,0,0
AddStop,230,0,0
AddStopLimit,249,0,0
AddStop,200,0,0
AddStopLimit,248,0,0
AddStopLimit,241,0,0
AddStopLimit,239,0,0
AddStop,213,0,0
AddStopLimit,242,0,0
AddStop,202,0,0
AddStop,222,0,0
AddStopLimit,246,0,0
AddStop,215,0,0
AddStop,244,0,0
AddStopLimit,251,0,0
AddStopLimit,254,0,0
AddStop,244,2,0
AddStop,205,0,0
AddStop,207,0,0
AddStopLimit,240,0,0
AddStopLimit,237,0,0
AddStopLimit,278,0,0
AddStop,210,0,0
AddStopLimit,255,0,0
AddStopLimit,246,0,0
AddStopLimit,229,0,0
AddStop,200,0,0
AddStopLimit,259,1,0
AddStopLimit,259,0,0
AddStopLimit,246,0,0
AddStop,208,0,0
AddStopLimit,248,0,0
AddStop,204,0,0
AddStop,242,0,0
AddStop,227,0,0
AddStopLimit,243,0,0
AddStop,199,0,0
AddStop,208,0,0
AddStop,234,0,0
AddStop,233,0,0
AddStopLimit,253,0,0
AddStopLimit,241,0,0
AddStopLimit,248,0,0
AddStopLimit,233,0,0
AddStop,205,0,0
AddStopLimit,250,0,0
AddStop,222,0,0
AddStop,223,0,0
AddStop,219,0,0
AddStop,222,0,0
AddStop,219,0,0
AddStop,209,0,0
AddStopLimit,267,0,0
AddStop,212,0,0
AddStop,225,0,0
AddStopLimit,246,0,0
AddStopLimit,248,0,0
AddStop,196,0,0
AddStopLimit,243,0,0
AddStopLimit,240,0,0
AddStopLimit,240,0,0
AddStop,211,0,0
AddStop,230,0,0
AddStopLimit,250,0,0
AddStopLimit,244,0,0
AddStop,201,0,0
AddStop,231,0,0
AddStop,1235,0,0
AddStop,253,0,0
AddStop,228,0,0
AddStopLimit,253,0,0
AddStopLimit,243,0,0
AddStop,209,0,0
AddStop,229,0,0
AddStop,202,0,0
AddStopLimit,247,0,0
AddStop,214,0,0
AddStop,226,0,0
AddStop,222,0,0
AddStop,219,0,0
AddStop,216,0,0
AddStop,218,0,0
AddStop,213,0,0
AddStopLimit,241,0,0
AddStop,226,0,0
AddStopLimit,256,0,0
AddStopLimit,247,0,0
AddStop,217,0,0
AddStopLimit,245,0,0
AddStop,232,0,0
AddStopLimit,264,0,0
AddStop,213,0,0
AddStop,217,0,0
AddStopLimit,241,0,0
AddStop,219,0,0
AddStopLimit,251,0,0
AddStopLimit,226,1,0
AddStop,206,0,0
AddStop,248,0,0
AddStop,210,0,0
AddStop,212,0,0
AddStopLimit,248,0,0
AddStopLimit,251,0,0
AddStop,194,0,0
AddStop,240,0,0
AddStopLimit,282,2,0
AddStopLimit,246,0,0
AddStop,221,0,0
AddStopLimit,246,0,0
AddStop,224,0,0
AddStop,216,0,0
AddStopLimit,250,0,0
AddStopLimit,245,0,0
AddStopLimit,234,0,0
AddStop,232,0,0
AddStop,233,0,0
AddStop,208,0,0
AddStop,222,0,0
AddStopLimit,249,0,0
AddStopLimit,253,0,0
AddStopLimit,250,0,0
AddStopLimit,270,0,0
AddStopLimit,257,0,0
AddStopLimit,245,0,0
AddStopLimit,259,0,0
AddStop,217,0,0
AddStopLimit,246,0,0
AddStopLimit,264,0,0
AddStopLimit,248,0,0
AddStopLimit,245,0,0
AddStopLimit,243,0,0
AddStop,199,0,0
AddStopLimit,239,0,0
